Category,Orders,Revenue,Profit,Quantity,Returns,Margin_Pct,Return_Rate_Pct
Electronics,9611,184516775.87,4644476.42,11879,1072,2.5171025225761765,11.153886172094476
Fashion,5933,12981602.71,1977411.35,7401,544,15.232413086226702,9.169054441260744
Home & Kitchen,3057,11776254.67,1367665.65,3794,134,11.613757415455078,4.383382401046778
Beauty,2333,4522038.45,1296137.42,2880,68,28.662680212283465,2.914702100300043
Accessories,1414,3961755.85,966545.43,1755,81,24.396895381627317,5.728429985855729
Furniture,409,7261532.84,807878.36,493,34,11.125452129746204,8.312958435207824
Sports,1659,4296251.78,491053.29,2042,79,11.429807077088949,4.761904761904762
Personal Care,760,1133112.75,178810.68,966,27,15.780484333972941,3.552631578947368
Books,435,334331.79,2191.61,534,5,0.655519476625301,1.1494252873563218
Grocery,4389,1865612.94,-366690.34,5446,81,-19.655220659007654,1.845522898154477
