Channel,Campaigns,Spend,Revenue,Profit,Avg_ROAS,Avg_ROI_Pct,Avg_Conversion_Pct,Weighted_ROI_Pct
Organic,28,3313178.83,33324089.24,9155747.74,10.114642857142856,280.34857142857146,5.1674999999999995,276.34330079309365
Referral,48,6154941.07,42485407.76,10330913.67,6.93375,169.761875,6.3879166666666665,167.84748306290444
Email,53,6937078.11,43404694.910000004,9592202.65,6.280566037735849,139.00735849056605,7.4498113207547165,138.27439302106978
WhatsApp,32,3916358.34,22348321.74,4660723.45,5.735,120.8465625,6.4415625,119.0065628672784
Google Ads,204,26076038.96,104963417.92,14266774.84,4.000735294117647,53.705098039215684,4.600882352941177,54.712200966891025
Affiliate,89,9885100.6,35289340.61,3865864.43,3.541573033707865,38.75247191011236,3.2580898876404496,39.10799279068541
YouTube,71,9130159.790000001,28618172.78,2006184.86,3.1704225352112676,22.73816901408451,2.596197183098592,21.97316264056316
Facebook,124,16668205.91,48567570.5,1937152.0,2.9214516129032257,11.813629032258065,2.3952419354838708,11.621838669738391
Instagram,197,24259888.5,65611903.07,892395.19,2.6898477157360405,3.4613197969543146,2.171522842639594,3.678480179329761
Influencer,154,19655753.98,43265599.089999996,-3027746.78,2.2038311688311687,-15.466168831168831,1.719155844155844,-15.403869946076727
