Product_ID,Product_Name,Category,Orders,Revenue,Profit,Quantity,Returns,Profit_Margin_Pct,Return_Rate_Pct,Stock_Quantity,Reorder_Level
PROD0001,ACCStyle Storage 1,Home & Kitchen,39,59814.35,7075.92,51,1,28.21,3.49,571,70
PROD0002,ACCGlow Dairy 2,Grocery,63,18755.14,-5815.7300000000005,73,1,11.97,1.84,57,74
PROD0003,ACCHome Appliances 3,Home & Kitchen,38,290361.91000000003,52369.78,52,2,29.77,4.33,91,28
PROD0004,ACCFresh Team Sports 4,Sports,33,136485.36,15643.6,41,3,24.09,3.18,153,34
PROD0005,ACCFit Appliances 5,Home & Kitchen,39,80131.78,6132.22,49,0,22.83,3.5,611,33
PROD0006,ACCRead Jewellery 6,Accessories,36,118108.35,33779.95,52,3,40.8,3.52,292,76
PROD0007,ACCChic Mobiles 7,Electronics,107,2214232.38,48406.2,133,14,17.71,9.37,84,20
PROD0008,ACCCare Audio 8,Electronics,99,2134656.25,32783.939999999995,120,11,15.06,8.55,597,30
PROD0009,ACCWood Office 9,Furniture,22,498909.27,57442.84,26,0,23.51,5.51,22,24
PROD0010,Zenith Mobiles 10,Electronics,104,4137113.64,58625.94,137,13,13.77,9.05,403,60
PROD0011,Nova Grooming 11,Personal Care,33,57322.12,6391.5599999999995,40,3,27.39,2.1,250,34
PROD0012,Urban Audio 12,Electronics,100,3393159.91,13788.770000000004,123,6,14.3,7.16,738,72
PROD0013,Pulse Haircare 13,Beauty,49,129344.72,39980.17,61,1,43.63,1.7,205,37
PROD0014,Velvet Fragrance 14,Beauty,58,78136.74,20907.24,72,1,44.43,2.04,32,32
PROD0015,Orbit Decor 15,Home & Kitchen,51,293110.0,46859.86,63,3,27.81,3.43,154,43
PROD0016,Crest Audio 16,Electronics,117,2979417.01,133844.73,139,16,17.19,8.58,376,31
PROD0017,Bloom Kids Wear 17,Fashion,78,278212.96,35329.53,95,3,26.65,5.2,61,53
PROD0018,Nimbus Wellness 18,Personal Care,38,17485.75,640.26,51,0,31.74,2.13,781,27
PROD0019,Vertex Skincare 19,Beauty,55,84700.78,14723.75,75,0,35.31,1.22,607,66
PROD0020,ACCTech Beverages 20,Grocery,62,32770.21,-6583.46,85,2,11.54,1.5,445,36
PROD0021,ACCStyle Men's Wear 21,Fashion,80,28437.58,-987.5500000000001,100,7,32.13,6.7,554,50
PROD0022,ACCGlow Makeup 22,Beauty,57,21377.53,2775.02,72,2,44.88,2.41,422,40
PROD0023,ACCHome Office 23,Furniture,11,17677.02,2161.06,14,1,26.73,6.24,257,72
PROD0024,ACCFresh Jewellery 24,Accessories,41,184853.86000000002,52644.26,57,4,40.91,3.68,581,52
PROD0025,ACCFit Laptops 25,Electronics,84,1410280.35,69125.69,105,3,18.64,6.28,362,68
PROD0026,ACCRead Fragrance 26,Beauty,43,83986.61,19248.47,51,3,36.6,1.87,38,72
PROD0027,ACCChic Accessories 27,Electronics,109,3200867.45,210441.73,134,14,17.8,9.2,737,21
PROD0028,ACCCare Laptops 28,Electronics,99,170361.23,-12352.85,117,5,12.63,6.08,467,60
PROD0029,ACCWood Beverages 29,Grocery,78,36211.32,-6212.6900000000005,98,1,13.8,1.67,326,22
PROD0030,Zenith Office 30,Furniture,21,371232.17,34390.35,26,1,22.76,4.44,755,37
PROD0031,Nova Team Sports 31,Sports,30,41602.020000000004,6166.639999999999,32,0,30.19,3.92,186,27
PROD0032,Urban Beverages 32,Grocery,58,51564.25,-3016.49,76,0,16.55,1.28,236,32
PROD0033,Pulse Women's Wear 33,Fashion,72,28021.71,-1143.1499999999999,88,5,29.25,6.2,651,36
PROD0034,Velvet Kids Wear 34,Fashion,75,262766.02,30975.83,98,9,25.58,8.96,439,54
PROD0035,Orbit Laptops 35,Electronics,87,2002529.19,-10331.0,106,7,14.28,6.64,684,36
PROD0036,Crest Appliances 36,Home & Kitchen,39,147911.89,22129.920000000002,46,0,28.67,3.14,597,55
PROD0037,Bloom Snacks 37,Grocery,51,53467.82,-2773.02,63,3,14.15,1.79,766,42
PROD0038,Nimbus Belts 38,Accessories,27,18499.55,1430.43,34,0,31.91,4.28,58,49
PROD0039,Vertex Accessories 39,Electronics,102,3052607.24,69988.93,127,11,15.85,10.84,463,34
PROD0040,ACCTech Accessories 40,Electronics,96,1889179.34,-25074.94,132,11,12.22,8.84,505,79
PROD0041,ACCStyle Footwear 41,Fashion,84,247672.9,36086.14,106,8,28.11,6.61,568,69
PROD0042,ACCGlow Grooming 42,Personal Care,31,73038.89,15991.83,44,1,34.93,1.41,587,60
PROD0043,ACCHome Women's Wear 43,Fashion,77,144102.16,18822.86,99,7,29.33,8.86,751,20
PROD0044,ACCFresh Laptops 44,Electronics,93,3053096.11,20015.35,107,13,13.56,9.68,72,20
PROD0045,ACCFit Beverages 45,Grocery,78,8861.93,-6679.06,97,4,15.73,1.49,387,25
PROD0046,ACCRead Belts 46,Accessories,27,44717.979999999996,9325.1,31,3,37.02,3.35,522,27
PROD0047,ACCChic Apparel 47,Sports,40,33260.77,4184.9800000000005,50,0,30.74,4.53,718,40
PROD0048,ACCCare Decor 48,Home & Kitchen,51,388886.79,61172.950000000004,65,1,27.49,2.62,362,36
PROD0049,ACCWood Storage 49,Home & Kitchen,44,194166.27,29578.03,56,0,27.49,2.68,403,25
PROD0050,Zenith Bedroom 50,Furniture,22,193067.66,22237.54,26,0,25.73,5.08,402,62
PROD0051,Nova Footwear 51,Fashion,90,84254.79,5438.81,115,9,27.32,8.02,179,77
PROD0052,Urban Fragrance 52,Beauty,37,39616.14,10879.33,45,0,45.13,1.47,232,23
PROD0053,Pulse Footwear 53,Fashion,87,88932.64,11546.13,115,5,32.45,6.08,186,56
PROD0054,Velvet Grooming 54,Personal Care,27,17507.92,2277.22,30,1,35.27,2.09,624,24
PROD0055,Orbit Women's Wear 55,Fashion,77,255881.12,37476.06,96,7,29.15,6.12,330,67
PROD0056,Crest Footwear 56,Fashion,79,39571.7,2186.51,102,14,33.42,8.52,637,21
PROD0057,Bloom Watches 57,Accessories,39,45455.67,8981.78,53,4,37.85,3.77,333,28
PROD0058,Nimbus Comics 58,Books,23,6792.6,-812.68,35,0,22.4,1.92,593,20
PROD0059,Vertex Belts 59,Accessories,33,204882.13,51567.9,44,3,38.24,4.66,153,73
PROD0060,ACCTech Wellness 60,Personal Care,27,38426.1,7330.61,37,0,36.36,1.4,613,57
PROD0061,ACCStyle Mobiles 61,Electronics,96,262075.6,920.9000000000001,120,12,17.94,9.42,654,64
PROD0062,ACCGlow Appliances 62,Home & Kitchen,50,349500.29,39106.770000000004,63,0,24.55,4.81,659,77
PROD0063,ACCHome Storage 63,Home & Kitchen,54,431400.75,51719.44,67,6,23.31,4.04,693,77
PROD0064,ACCFresh Audio 64,Electronics,96,2199042.57,160705.79,115,8,19.12,7.38,314,63
PROD0065,ACCFit Comics 65,Books,24,4558.17,-1735.4,28,0,18.89,1.43,618,46
PROD0066,ACCRead Audio 66,Electronics,89,762182.86,-24883.34,107,14,12.15,10.86,180,79
PROD0067,ACCChic Women's Wear 67,Fashion,75,140712.44,18114.21,99,3,29.97,5.15,797,37
PROD0068,ACCCare Bags 68,Accessories,25,25126.68,3836.29,30,0,33.52,4.23,574,49
PROD0069,ACCWood Team Sports 69,Sports,43,212580.18,23780.66,55,3,24.34,3.31,79,46
PROD0070,Zenith Mobiles 70,Electronics,103,791096.23,2300.46,120,8,15.21,7.35,736,35
PROD0071,Nova Men's Wear 71,Fashion,79,75791.64,7818.63,101,4,31.41,7.24,506,63
PROD0072,Urban Women's Wear 72,Fashion,73,153560.87,27193.53,92,10,32.67,7.95,571,29
PROD0073,Pulse Snacks 73,Grocery,68,16423.85,-5816.8,85,1,15.15,0.82,436,75
PROD0074,Velvet Mobiles 74,Electronics,100,777473.1900000001,40403.8,128,5,19.78,7.41,661,58
PROD0075,Orbit Kids Wear 75,Fashion,82,178654.3,27502.19,93,8,32.25,6.09,539,47
PROD0076,Crest Fiction 76,Books,18,7244.9400000000005,-650.29,20,0,23.67,1.97,796,66
PROD0077,Bloom Laptops 77,Electronics,101,3112616.85,226250.81,126,22,19.2,8.83,413,25
PROD0078,Nimbus Snacks 78,Grocery,85,9704.66,-7568.21,107,1,10.35,1.1,287,31
PROD0079,Vertex Cookware 79,Home & Kitchen,41,152289.08,8816.92,48,4,20.89,3.95,455,53
PROD0080,ACCTech Snacks 80,Grocery,78,17595.86,-6324.16,92,2,16.17,1.61,215,55
PROD0081,ACCStyle Team Sports 81,Sports,25,77598.27,14656.09,27,2,31.9,4.76,511,61
PROD0082,ACCGlow Mobiles 82,Electronics,115,460608.68,7465.849999999999,146,10,16.12,10.74,502,48
PROD0083,ACCHome Audio 83,Electronics,112,3553978.16,61890.29,149,10,14.12,6.52,339,29
PROD0084,ACCFresh Apparel 84,Sports,39,166626.29,12148.06,47,2,22.09,4.89,631,37
PROD0085,ACCFit Staples 85,Grocery,89,28455.45,-8107.64,114,0,11.71,1.83,415,51
PROD0086,ACCRead Kids Wear 86,Fashion,74,185757.22,20290.38,89,3,27.45,5.42,65,73
PROD0087,ACCChic Appliances 87,Home & Kitchen,46,140028.53,15692.26,57,5,26.76,4.54,230,33
PROD0088,ACCCare Cookware 88,Home & Kitchen,44,295031.06,29884.43,62,0,23.19,2.33,394,75
PROD0089,ACCWood Non-Fiction 89,Books,31,36867.1,1343.73,44,0,21.46,1.89,138,43
PROD0090,Zenith Women's Wear 90,Fashion,77,271961.87,35902.99,92,4,26.75,5.06,587,46
PROD0091,Nova Men's Wear 91,Fashion,92,175704.06,16314.85,108,12,26.11,8.03,20,41
PROD0092,Urban Accessories 92,Electronics,98,2003844.28,-13982.58,120,3,13.37,6.23,537,61
PROD0093,Pulse Cookware 93,Home & Kitchen,53,256762.84,15361.98,62,3,21.28,2.57,581,47
PROD0094,Velvet Dairy 94,Grocery,64,32290.29,-6594.63,86,1,10.81,1.35,113,53
PROD0095,Orbit Audio 95,Electronics,106,2706452.81,24643.260000000002,134,11,13.81,8.37,114,43
PROD0096,Crest Fragrance 96,Beauty,43,71562.98,13848.460000000001,57,0,35.8,1.17,456,74
PROD0097,Bloom Fitness 97,Sports,42,200813.18,34652.12,51,4,31.04,5.03,250,47
PROD0098,Nimbus Skincare 98,Beauty,54,151030.03,41476.08,66,1,39.32,1.87,397,23
PROD0099,Vertex Hygiene 99,Personal Care,36,59998.12,6209.91,44,1,25.3,1.19,77,59
PROD0100,ACCTech Accessories 100,Electronics,112,2543438.99,49366.49,148,8,14.79,6.51,458,62
PROD0101,ACCStyle Fiction 101,Books,28,13488.87,-685.23,38,2,24.08,1.43,609,28
PROD0102,ACCGlow Hygiene 102,Personal Care,25,23415.0,3135.11,30,0,29.2,2.3,356,65
PROD0103,ACCHome Outdoor 103,Sports,24,16593.4,183.54,26,0,29.98,4.76,409,34
PROD0104,ACCFresh Decor 104,Home & Kitchen,68,473515.5,67897.3,81,5,27.56,2.32,63,60
PROD0105,ACCFit Men's Wear 105,Fashion,61,154461.54,24343.670000000002,75,5,30.39,7.14,419,36
PROD0106,ACCRead Grooming 106,Personal Care,28,66042.53,13796.99,35,1,35.97,2.72,286,77
PROD0107,ACCChic Outdoor 107,Sports,39,88189.37,15717.16,48,1,29.8,3.84,281,63
PROD0108,ACCCare Fitness 108,Sports,47,93300.55,7125.11,53,4,24.5,4.46,689,72
PROD0109,ACCWood Comics 109,Books,14,12638.35,237.73000000000002,19,1,22.91,1.84,26,59
PROD0110,Zenith Dairy 110,Grocery,74,9091.5,-6309.27,91,0,14.22,0.69,367,20
PROD0111,Nova Mobiles 111,Electronics,100,163801.13,-2656.69,121,8,16.78,10.76,246,32
PROD0112,Urban Staples 112,Grocery,77,53675.45,-7588.99,93,0,10.68,0.52,640,55
PROD0113,Pulse Comics 113,Books,27,35039.86,486.78,33,0,19.3,1.7,190,47
PROD0114,Velvet Jewellery 114,Accessories,30,7357.81,-1184.49,33,2,30.03,3.7,257,36
PROD0115,Orbit Fragrance 115,Beauty,55,76353.98,14878.5,67,1,36.04,2.53,740,79
PROD0116,Crest Team Sports 116,Sports,40,177419.78,19829.84,51,2,25.12,4.65,629,57
PROD0117,Bloom Staples 117,Grocery,65,13413.65,-6966.2,77,0,10.33,0.82,27,26
PROD0118,Nimbus Skincare 118,Beauty,45,43536.21,9472.83,51,3,38.11,2.91,693,51
PROD0119,Vertex Belts 119,Accessories,26,26940.55,4134.51,32,4,31.09,3.78,427,34
PROD0120,ACCTech Jewellery 120,Accessories,36,8221.48,-1440.7,41,0,32.11,2.58,575,36
PROD0121,ACCStyle Footwear 121,Fashion,74,161186.77,26474.32,89,3,31.76,5.03,622,28
PROD0122,ACCGlow Men's Wear 122,Fashion,70,175229.79,16068.35,92,13,25.12,8.3,430,39
PROD0123,ACCHome Outdoor 123,Sports,38,63415.68,1988.8100000000002,46,1,24.14,3.08,192,37
PROD0124,ACCFresh Jewellery 124,Accessories,30,87404.13,25802.72,38,3,41.66,3.23,479,31
PROD0125,ACCFit Watches 125,Accessories,19,61244.08,11078.68,28,1,32.22,2.05,54,79
PROD0126,ACCRead Accessories 126,Electronics,94,921773.59,17292.25,113,10,14.25,8.53,342,44
PROD0127,ACCChic Beverages 127,Grocery,73,68449.1,-5103.6,92,2,13.45,1.86,532,53
PROD0128,ACCCare Bedroom 128,Furniture,18,427688.44,57536.95,19,2,26.38,7.18,366,29
PROD0129,ACCWood Laptops 129,Electronics,115,4014129.23,235137.77,143,13,18.69,9.84,600,57
PROD0130,Zenith Makeup 130,Beauty,45,100890.32,26581.6,60,0,40.31,1.3,209,37
PROD0131,Nova Mobiles 131,Electronics,94,1173343.09,11281.82,123,11,15.47,8.14,709,54
PROD0132,Urban Beverages 132,Grocery,59,15536.37,-4484.28,68,0,16.3,0.56,241,26
PROD0133,Pulse Skincare 133,Beauty,41,72067.99,17309.63,56,1,38.71,1.28,733,32
PROD0134,Velvet Audio 134,Electronics,80,2578128.04,177875.97,103,7,18.85,9.33,336,53
PROD0135,Orbit Makeup 135,Beauty,52,90353.65,21243.79,56,2,37.54,2.43,761,32
PROD0136,Crest Mobiles 136,Electronics,97,843779.96,46605.97,111,16,19.42,10.81,230,33
PROD0137,Bloom Fragrance 137,Beauty,40,57631.26,13468.75,54,1,37.2,2.96,450,32
PROD0138,Nimbus Women's Wear 138,Fashion,71,97093.86,13625.28,94,3,30.54,5.84,494,78
PROD0139,Vertex Appliances 139,Home & Kitchen,46,183853.0,12612.0,57,2,23.12,2.21,591,65
PROD0140,ACCTech Decor 140,Home & Kitchen,49,387984.39,58983.15,65,4,28.12,4.69,29,48
PROD0141,ACCStyle Laptops 141,Electronics,104,2410064.5,18012.43,126,7,14.11,6.07,55,30
PROD0142,ACCGlow Kids Wear 142,Fashion,67,101584.39,18876.69,75,8,33.29,6.05,187,46
PROD0143,ACCHome Fragrance 143,Beauty,46,61277.62,18509.5,56,2,45.04,2.04,759,63
PROD0144,ACCFresh Accessories 144,Electronics,91,3814851.58,352548.89,119,11,19.89,7.69,641,29
PROD0145,ACCFit Dairy 145,Grocery,75,62337.76,-3868.34,92,1,17.9,1.07,704,41
PROD0146,ACCRead Bags 146,Accessories,33,48117.68,12499.73,46,4,40.5,3.3,131,26
PROD0147,ACCChic Kids Wear 147,Fashion,80,242597.69,42062.85,97,8,30.06,8.74,62,22
PROD0148,ACCCare Office 148,Furniture,21,334757.17,46429.42,24,6,27.64,7.18,253,54
PROD0149,ACCWood Watches 149,Accessories,36,166080.08,42190.8,45,1,37.12,2.19,79,21
PROD0150,Zenith Watches 150,Accessories,25,82562.11,15938.55,33,1,30.42,3.69,272,62
PROD0151,Nova Kids Wear 151,Fashion,60,145001.58,16264.92,73,4,27.4,7.33,161,32
PROD0152,Urban Kids Wear 152,Fashion,69,230697.86,24776.87,87,5,25.21,6.34,81,37
PROD0153,Pulse Footwear 153,Fashion,81,250933.91,47770.56,98,7,31.51,6.98,393,43
PROD0154,Velvet Decor 154,Home & Kitchen,49,220169.58,27345.79,57,0,24.81,2.07,535,77
PROD0155,Orbit Appliances 155,Home & Kitchen,48,12361.49,-1741.43,62,4,27.37,3.42,703,63
PROD0156,Crest Audio 156,Electronics,125,4046789.74,-45485.64,152,8,12.66,7.49,290,75
PROD0157,Bloom Apparel 157,Sports,37,69386.89,7300.96,42,1,26.55,3.77,175,37
PROD0158,Nimbus Footwear 158,Fashion,102,77867.58,5982.81,124,7,29.65,6.76,518,66
PROD0159,Vertex Storage 159,Home & Kitchen,42,216649.88999999998,39845.11,50,1,29.68,4.49,551,31
PROD0160,ACCTech Office 160,Furniture,16,204291.94,10789.28,19,2,21.61,7.04,497,50
PROD0161,ACCStyle Staples 161,Grocery,68,16924.38,-5820.53,89,1,12.88,1.07,666,27
PROD0162,ACCGlow Bags 162,Accessories,43,211125.8,37077.51,53,3,31.84,3.51,774,61
PROD0163,ACCHome Mobiles 163,Electronics,87,1161433.97,55961.44,102,5,17.76,6.52,786,56
PROD0164,ACCFresh Kids Wear 164,Fashion,84,242478.34,43562.01,108,8,31.97,5.51,513,29
PROD0165,ACCFit Team Sports 165,Sports,44,29940.59,1333.66,50,3,28.13,3.08,616,29
PROD0166,ACCRead Jewellery 166,Accessories,33,155325.26,32194.8,44,1,33.82,2.99,268,41
PROD0167,ACCChic Bedroom 167,Furniture,20,63333.86,7229.63,27,0,23.45,6.49,288,33
PROD0168,ACCCare Office 168,Furniture,24,443245.57,25003.09,32,5,19.31,7.77,743,37
PROD0169,ACCWood Outdoor 169,Sports,31,17099.86,343.4,41,1,30.29,4.64,753,21
PROD0170,Zenith Makeup 170,Beauty,57,62272.33,10857.64,67,1,35.32,1.96,80,20
PROD0171,Nova Apparel 171,Sports,37,24086.89,-453.53999999999996,47,2,25.19,3.66,409,23
PROD0172,Urban Team Sports 172,Sports,44,22223.6,-458.05,56,2,28.12,3.21,584,52
PROD0173,Pulse Snacks 173,Grocery,69,10150.08,-4980.78,81,1,17.38,1.99,341,45
PROD0174,Velvet Bedroom 174,Furniture,18,312471.63,25253.83,18,2,21.98,4.1,93,50
PROD0175,Orbit Audio 175,Electronics,91,3366087.46,11301.040000000003,108,14,15.32,9.95,280,68
PROD0176,Crest Staples 176,Grocery,50,10604.19,-4433.43,67,1,12.39,0.82,570,30
PROD0177,Bloom Health 177,Personal Care,29,56872.05,8988.77,38,0,32.8,1.33,385,75
PROD0178,Nimbus Living Room 178,Furniture,18,265778.4,13524.65,21,2,18.9,7.2,208,31
PROD0179,Vertex Bags 179,Accessories,43,157792.65,48329.45,51,5,41.3,4.88,650,72
PROD0180,ACCTech Men's Wear 180,Fashion,83,284392.55,48512.44,94,7,31.36,6.87,145,68
PROD0181,ACCStyle Jewellery 181,Accessories,26,62659.17,12821.99,31,1,33.1,2.53,770,21
PROD0182,ACCGlow Footwear 182,Fashion,86,276721.15,42791.83,117,2,29.65,5.09,298,24
PROD0183,ACCHome Cookware 183,Home & Kitchen,42,136970.07,17348.5,48,2,28.32,3.3,502,63
PROD0184,ACCFresh Appliances 184,Home & Kitchen,48,122131.72,8860.98,56,1,20.29,2.81,756,21
PROD0185,ACCFit Mobiles 185,Electronics,116,2654821.09,-4713.29,154,15,13.72,9.51,131,68
PROD0186,ACCRead Kids Wear 186,Fashion,76,285299.25,33111.22,94,8,25.43,8.6,165,37
PROD0187,ACCChic Accessories 187,Electronics,92,3263567.33,153245.68,108,16,16.64,8.95,75,38
PROD0188,ACCCare Laptops 188,Electronics,108,173334.35,-8689.62,136,13,14.02,10.75,475,27
PROD0189,ACCWood Mobiles 189,Electronics,100,1279519.56,18107.95,122,13,14.56,7.84,427,62
PROD0190,Zenith Laptops 190,Electronics,100,3198709.97,-25153.46,126,8,12.03,6.98,19,74
PROD0191,Nova Men's Wear 191,Fashion,72,110102.23999999999,12861.63,86,7,29.2,5.08,314,32
PROD0192,Urban Makeup 192,Beauty,56,168270.72,44814.33,75,0,39.61,2.41,395,76
PROD0193,Pulse Apparel 193,Sports,34,137072.3,14131.9,44,2,24.71,5.26,416,55
PROD0194,Velvet Haircare 194,Beauty,40,48860.94,12576.43,48,2,43.32,1.07,309,70
PROD0195,Orbit Fragrance 195,Beauty,46,39421.8,7960.29,51,0,37.9,1.2,303,77
PROD0196,Crest Decor 196,Home & Kitchen,48,137457.29,19122.65,57,4,26.58,4.32,370,61
PROD0197,Bloom Jewellery 197,Accessories,32,99825.87,25684.46,37,0,38.74,2.31,275,35
PROD0198,Nimbus Comics 198,Books,20,11929.460000000001,208.92999999999998,21,0,27.27,1.78,374,46
PROD0199,Vertex Staples 199,Grocery,69,17806.24,-6377.81,79,2,10.84,1.42,759,74
PROD0200,ACCTech Men's Wear 200,Fashion,84,305331.6,59702.94,107,6,32.04,7.92,456,71
PROD0201,ACCStyle Makeup 201,Beauty,50,40942.0,7349.97,59,5,37.1,2.92,189,37
PROD0202,ACCGlow Belts 202,Accessories,23,38033.71,7356.900000000001,26,2,36.37,4.47,176,47
PROD0203,ACCHome Footwear 203,Fashion,70,20657.03,-2499.59,83,8,26.57,7.42,132,51
PROD0204,ACCFresh Haircare 204,Beauty,49,151800.31,40365.61,64,1,38.09,1.81,473,42
PROD0205,ACCFit Staples 205,Grocery,70,27953.7,-4666.13,86,2,17.18,1.41,622,29
PROD0206,ACCRead Beverages 206,Grocery,63,19933.33,-5692.41,80,2,11.87,1.62,768,43
PROD0207,ACCChic Watches 207,Accessories,43,118035.66,27969.83,53,2,37.33,3.69,553,63
PROD0208,ACCCare Decor 208,Home & Kitchen,36,84740.57,13624.24,46,1,28.83,4.01,471,33
PROD0209,ACCWood Bags 209,Accessories,40,108792.18000000001,25069.93,54,1,36.19,3.56,299,55
PROD0210,Zenith Decor 210,Home & Kitchen,48,274639.6,29704.04,56,0,24.7,2.53,4,28
PROD0211,Nova Grooming 211,Personal Care,27,38413.47,7339.45,33,0,35.82,2.43,189,65
PROD0212,Urban Appliances 212,Home & Kitchen,44,121013.4,12974.41,58,1,24.55,3.44,269,36
PROD0213,Pulse Footwear 213,Fashion,76,64107.27,2394.53,97,3,25.56,5.25,107,75
PROD0214,Velvet Jewellery 214,Accessories,43,213778.75,59543.95,53,1,38.22,2.65,497,38
PROD0215,Orbit Health 215,Personal Care,25,66894.88,13673.960000000001,28,3,34.16,2.91,748,46
PROD0216,Crest Beverages 216,Grocery,78,42552.32,-7633.8099999999995,102,1,12.34,1.42,278,58
PROD0217,Bloom Hygiene 217,Personal Care,35,42391.79,5989.23,40,1,32.36,2.89,639,33
PROD0218,Nimbus Wellness 218,Personal Care,34,40162.26,3900.76,43,2,28.54,2.86,611,70
PROD0219,Vertex Footwear 219,Fashion,64,72285.96,4049.43,73,3,25.51,7.42,546,36
PROD0220,ACCTech Team Sports 220,Sports,39,89968.68000000001,9382.94,56,0,24.61,3.0,124,55
PROD0221,ACCStyle Mobiles 221,Electronics,91,100972.23,-7220.11,113,11,12.5,9.35,243,58
PROD0222,ACCGlow Kids Wear 222,Fashion,77,48559.94,5391.47,95,6,33.82,8.28,305,73
PROD0223,ACCHome Accessories 223,Electronics,97,1871360.19,-46049.7,127,12,12.11,9.26,425,37
PROD0224,ACCFresh Storage 224,Home & Kitchen,42,95814.2,3616.27,52,5,20.35,4.82,729,31
PROD0225,ACCFit Men's Wear 225,Fashion,75,95609.58,12183.72,99,7,29.78,6.48,471,54
PROD0226,ACCRead Fragrance 226,Beauty,44,20854.61,5483.77,49,3,49.88,2.86,757,60
PROD0227,ACCChic Health 227,Personal Care,21,26124.72,3524.89,26,0,30.61,1.64,553,60
PROD0228,ACCCare Jewellery 228,Accessories,52,238691.05,66170.33,61,3,39.59,3.58,137,56
PROD0229,ACCWood Snacks 229,Grocery,84,31456.07,-7287.5,105,1,11.26,1.38,205,35
PROD0230,Zenith Audio 230,Electronics,116,4034687.13,48351.17,141,11,14.47,9.33,707,49
PROD0231,Nova Outdoor 231,Sports,36,98794.36,11845.2,47,0,27.97,3.54,516,71
PROD0232,Urban Jewellery 232,Accessories,28,147388.21,32310.62,35,2,35.27,3.54,451,71
PROD0233,Pulse Makeup 233,Beauty,50,179375.02,69837.08,57,0,49.66,1.28,310,60
PROD0234,Velvet Belts 234,Accessories,28,53914.58,13212.63,34,1,36.26,4.04,448,51
PROD0235,Orbit Laptops 235,Electronics,110,3645334.43,-21979.14,139,7,12.41,7.69,639,46
PROD0236,Crest Kids Wear 236,Fashion,63,134044.24,15767.09,84,7,27.69,6.91,26,28
PROD0237,Bloom Mobiles 237,Electronics,112,1530615.03,-23935.89,137,9,12.79,6.71,385,23
PROD0238,Nimbus Laptops 238,Electronics,98,1888098.82,100906.65,124,18,17.98,10.9,257,36
PROD0239,Vertex Decor 239,Home & Kitchen,54,21845.69,-2496.66,68,7,20.48,3.49,234,61
PROD0240,ACCTech Appliances 240,Home & Kitchen,40,42600.57,638.93,48,2,21.66,3.01,13,77
PROD0241,ACCStyle Jewellery 241,Accessories,32,142150.19,44627.51,41,4,40.2,3.77,623,60
PROD0242,ACCGlow Footwear 242,Fashion,66,278796.08,60638.85,85,4,33.96,7.13,409,68
PROD0243,ACCHome Beverages 243,Grocery,71,29381.38,-6227.63,95,1,12.4,1.0,588,62
PROD0244,ACCFresh Appliances 244,Home & Kitchen,59,229023.38,33088.86,72,4,27.36,4.27,224,44
PROD0245,ACCFit Skincare 245,Beauty,47,161633.07,62725.72,50,1,49.91,2.31,51,65
PROD0246,ACCRead Women's Wear 246,Fashion,84,158799.07,16046.14,104,5,26.92,7.95,581,71
PROD0247,ACCChic Bags 247,Accessories,37,133810.18,31090.36,46,1,34.93,2.24,80,55
PROD0248,ACCCare Wellness 248,Personal Care,24,36093.92,3408.2,28,3,28.64,1.51,581,38
PROD0249,ACCWood Women's Wear 249,Fashion,72,161704.61,32452.68,93,11,34.33,6.22,651,23
PROD0250,Zenith Kids Wear 250,Fashion,72,197305.74,41113.13,99,10,34.64,7.96,432,38
PROD0251,Nova Audio 251,Electronics,107,2066319.01,-54274.71,135,19,12.34,8.73,415,63
PROD0252,Urban Makeup 252,Beauty,51,122428.06,29717.02,69,3,37.47,1.93,484,54
PROD0253,Pulse Snacks 253,Grocery,68,5250.71,-5726.69,86,4,17.91,1.57,333,27
PROD0254,Velvet Dairy 254,Grocery,66,30235.18,-6438.7,79,0,10.9,1.15,383,28
PROD0255,Orbit Accessories 255,Electronics,104,1819787.31,54144.979999999996,131,9,14.8,7.84,352,42
PROD0256,Crest Footwear 256,Fashion,88,344652.8,61701.83,106,7,29.48,8.88,153,50
PROD0257,Bloom Fragrance 257,Beauty,38,86253.21,27493.81,42,1,44.63,1.25,592,32
PROD0258,Nimbus Accessories 258,Electronics,98,3114582.75,203966.86,111,13,19.31,8.55,780,23
PROD0259,Vertex Accessories 259,Electronics,94,1684173.89,16303.859999999999,112,19,15.45,10.62,168,44
PROD0260,ACCTech Staples 260,Grocery,78,43762.6,-6739.71,95,2,12.08,1.49,133,52
PROD0261,ACCStyle Office 261,Furniture,25,744145.43,110903.7,33,1,25.26,4.7,246,32
PROD0262,ACCGlow Storage 262,Home & Kitchen,46,20906.38,-1594.64,56,1,24.01,4.86,634,28
PROD0263,ACCHome Laptops 263,Electronics,100,605778.45,10105.36,114,16,15.69,6.64,210,49
PROD0264,ACCFresh Men's Wear 264,Fashion,74,210081.66,27515.86,92,8,27.62,6.8,694,33
PROD0265,ACCFit Footwear 265,Fashion,68,242204.88,49999.08,84,6,33.21,6.61,113,52
PROD0266,ACCRead Bedroom 266,Furniture,20,278466.33,36538.56,22,2,24.09,6.79,234,57
PROD0267,ACCChic Outdoor 267,Sports,31,45895.02,2385.82,35,1,23.15,5.56,45,54
PROD0268,ACCCare Appliances 268,Home & Kitchen,52,229290.65,8383.33,70,1,20.51,2.36,83,45
PROD0269,ACCWood Apparel 269,Sports,44,223404.03,20106.47,53,4,22.4,4.6,377,42
PROD0270,Zenith Laptops 270,Electronics,107,2443532.93,-16380.949999999999,118,15,13.18,8.29,733,36
PROD0271,Nova Decor 271,Home & Kitchen,32,146797.65,21508.45,43,2,28.67,3.98,88,68
PROD0272,Urban Staples 272,Grocery,68,28848.1,-5347.11,84,3,16.07,1.52,408,33
PROD0273,Pulse Comics 273,Books,29,17272.44,-141.2,36,0,24.72,1.8,188,56
PROD0274,Velvet Mobiles 274,Electronics,88,2600626.74,50717.32,111,10,16.59,9.74,536,61
PROD0275,Orbit Outdoor 275,Sports,47,248974.83000000002,28372.34,60,1,25.59,4.85,251,38
PROD0276,Crest Grooming 276,Personal Care,37,60763.46,6662.14,49,2,28.76,1.31,777,25
PROD0277,Bloom Storage 277,Home & Kitchen,40,53416.85,2113.8799999999997,52,0,22.75,2.86,597,49
PROD0278,Nimbus Women's Wear 278,Fashion,90,254742.22,37727.23,111,7,28.56,6.43,395,40
PROD0279,Vertex Laptops 279,Electronics,92,1157034.24,42172.19,119,10,16.15,6.62,338,54
PROD0280,ACCTech Comics 280,Books,19,7839.72,-541.1600000000001,22,0,24.21,1.67,523,69
PROD0281,ACCStyle Storage 281,Home & Kitchen,46,217796.43,26111.75,53,1,24.22,4.11,460,29
PROD0282,ACCGlow Beverages 282,Grocery,69,5759.57,-5788.78,88,0,17.53,1.84,403,47
PROD0283,ACCHome Academic 283,Books,16,4013.9500000000003,-634.05,17,0,20.41,1.32,136,75
PROD0284,ACCFresh Cookware 284,Home & Kitchen,46,49928.93,-566.9599999999999,58,1,20.23,2.43,119,48
PROD0285,ACCFit Women's Wear 285,Fashion,78,75997.97,10875.68,94,10,33.16,7.59,678,43
PROD0286,ACCRead Women's Wear 286,Fashion,82,188253.17,37896.11,102,3,34.16,5.84,188,79
PROD0287,ACCChic Laptops 287,Electronics,104,445842.65,-9138.53,124,8,13.31,8.91,348,34
PROD0288,ACCCare Apparel 288,Sports,34,50038.98,5121.83,40,3,27.46,4.37,580,55
PROD0289,ACCWood Comics 289,Books,24,21390.21,-328.12,29,0,18.37,1.32,314,65
PROD0290,Zenith Skincare 290,Beauty,54,179357.45,61615.16,73,4,45.35,2.22,717,48
PROD0291,Nova Academic 291,Books,23,17901.31,-266.71999999999997,28,0,23.29,1.45,659,28
PROD0292,Urban Fragrance 292,Beauty,48,84737.28,18480.6,54,2,37.09,2.56,527,40
PROD0293,Pulse Fragrance 293,Beauty,42,91614.95,22072.64,50,5,36.69,2.19,118,27
PROD0294,Velvet Laptops 294,Electronics,83,305957.89,13800.62,98,10,18.19,6.46,216,60
PROD0295,Orbit Skincare 295,Beauty,50,107033.77,29769.18,63,1,43.01,1.53,147,74
PROD0296,Crest Appliances 296,Home & Kitchen,48,87864.3,3685.1800000000003,59,3,20.83,4.18,91,51
PROD0297,Bloom Women's Wear 297,Fashion,81,97619.34,8806.51,99,10,27.69,5.65,287,61
PROD0298,Nimbus Haircare 298,Beauty,61,196946.0,52880.9,74,2,38.95,2.39,556,65
PROD0299,Vertex Men's Wear 299,Fashion,79,115672.83,14729.01,108,9,31.46,8.8,295,32
PROD0300,ACCTech Laptops 300,Electronics,92,893785.79,-13712.3,115,14,13.12,10.88,624,58
PROD0301,ACCStyle Beverages 301,Grocery,71,24196.079999999998,-5967.0,88,3,14.28,1.7,37,25
PROD0302,ACCGlow Beverages 302,Grocery,84,29717.510000000002,-7538.74,106,0,11.69,0.8,322,22
PROD0303,ACCHome Watches 303,Accessories,37,43702.9,9720.13,44,1,38.17,2.74,278,75
PROD0304,ACCFresh Mobiles 304,Electronics,107,2780856.08,44047.24,134,13,13.97,9.05,442,34
PROD0305,ACCFit Decor 305,Home & Kitchen,43,84610.64,6821.2300000000005,50,3,24.82,4.24,529,42
PROD0306,ACCRead Health 306,Personal Care,27,4733.63,-1467.56,38,0,25.33,1.65,155,63
PROD0307,ACCChic Makeup 307,Beauty,38,39510.25,8766.24,45,1,40.89,1.15,654,78
PROD0308,ACCCare Bags 308,Accessories,32,13113.83,939.97,40,2,37.25,4.15,541,42
PROD0309,ACCWood Outdoor 309,Sports,46,142304.18,23733.74,56,1,31.86,3.33,471,78
PROD0310,Zenith Mobiles 310,Electronics,110,779033.53,7520.54,136,6,13.2,7.0,322,44
PROD0311,Nova Snacks 311,Grocery,78,36397.73,-5729.6,89,2,15.65,1.67,697,50
PROD0312,Urban Health 312,Personal Care,27,48787.4,10969.24,37,2,37.32,2.83,332,58
PROD0313,Pulse Laptops 313,Electronics,102,85223.73,-5648.86,129,11,15.91,9.31,531,20
PROD0314,Velvet Mobiles 314,Electronics,101,2078120.98,152348.69,130,15,19.53,9.78,704,45
PROD0315,Orbit Apparel 315,Sports,33,150312.63,30937.46,35,0,31.83,3.21,79,25
PROD0316,Crest Fitness 316,Sports,43,28990.53,-33.47000000000001,57,2,24.78,5.01,392,55
PROD0317,Bloom Accessories 317,Electronics,104,1108772.21,36833.58,127,7,17.07,6.29,662,44
PROD0318,Nimbus Beverages 318,Grocery,58,44398.159999999996,-5217.49,68,0,12.86,1.7,661,20
PROD0319,Vertex Audio 319,Electronics,87,1738246.74,94957.35,115,11,18.54,8.0,519,40
PROD0320,ACCTech Staples 320,Grocery,81,34074.98,-6526.65,91,5,15.61,1.14,598,27
PROD0321,ACCStyle Audio 321,Electronics,88,981404.0700000001,3197.33,103,8,14.91,6.11,96,37
PROD0322,ACCGlow Appliances 322,Home & Kitchen,64,119241.35,3228.1,93,4,20.27,2.37,59,55
PROD0323,ACCHome Men's Wear 323,Fashion,87,41136.47,-1732.2,106,9,26.25,7.35,150,73
PROD0324,ACCFresh Hygiene 324,Personal Care,30,76255.74,14252.89,37,0,32.44,2.6,689,22
PROD0325,ACCFit Kids Wear 325,Fashion,61,46994.61,5189.2699999999995,77,9,32.84,7.8,649,59
PROD0326,ACCRead Staples 326,Grocery,89,66645.86,-5121.0,110,0,15.87,0.89,771,38
PROD0327,ACCChic Kids Wear 327,Fashion,81,146006.75,13648.94,104,5,25.5,5.56,331,73
PROD0328,ACCCare Academic 328,Books,21,14016.37,558.28,27,0,27.46,1.17,477,51
PROD0329,ACCWood Dairy 329,Grocery,53,6461.69,-4638.55,70,4,14.11,1.7,143,30
PROD0330,Zenith Staples 330,Grocery,68,40524.74,-5238.18,85,2,12.12,1.32,379,38
PROD0331,Nova Jewellery 331,Accessories,33,170606.38999999998,52530.56,44,0,41.02,3.91,297,42
PROD0332,Urban Fragrance 332,Beauty,54,15266.91,1892.05,65,3,49.3,2.27,34,28
PROD0333,Pulse Audio 333,Electronics,100,1639794.03,114272.91,125,17,18.25,8.44,517,23
PROD0334,Velvet Fragrance 334,Beauty,43,15009.61,215.49,57,2,36.32,1.84,44,56
PROD0335,Orbit Team Sports 335,Sports,35,101919.11,6371.14,41,2,22.56,4.5,362,38
PROD0336,Crest Dairy 336,Grocery,67,55218.53,-3947.43,82,1,16.64,0.53,407,32
PROD0337,Bloom Decor 337,Home & Kitchen,46,314194.31,49081.96,53,2,26.88,3.18,551,30
PROD0338,Nimbus Laptops 338,Electronics,100,2351240.55,111959.96,126,4,18.16,7.62,123,58
PROD0339,Vertex Laptops 339,Electronics,105,148989.58,-4409.86,134,10,14.93,8.54,788,71
PROD0340,ACCTech Accessories 340,Electronics,100,227761.75,1119.8200000000002,113,11,17.8,6.59,94,50
PROD0341,ACCStyle Outdoor 341,Furniture,20,267361.52,43521.36,25,1,27.12,5.85,551,43
PROD0342,ACCGlow Fragrance 342,Beauty,53,59347.29,19209.16,61,2,47.87,1.96,596,51
PROD0343,ACCHome Beverages 343,Grocery,60,6719.73,-5519.19,71,1,11.51,0.89,516,52
PROD0344,ACCFresh Beverages 344,Grocery,76,68302.43000000001,-9617.34,92,1,10.29,0.67,465,41
PROD0345,ACCFit Cookware 345,Home & Kitchen,43,108440.18000000001,13386.64,54,1,26.98,4.5,620,66
PROD0346,ACCRead Belts 346,Accessories,40,60380.08,10602.9,47,4,34.96,4.6,64,56
PROD0347,ACCChic Snacks 347,Grocery,74,12006.83,-6520.66,89,0,14.7,0.96,631,57
PROD0348,ACCCare Team Sports 348,Sports,41,201077.11000000002,31947.13,53,5,28.53,5.01,219,36
PROD0349,ACCWood Appliances 349,Home & Kitchen,48,102973.87,12857.28,62,1,26.48,2.83,20,35
PROD0350,Zenith Men's Wear 350,Fashion,70,27532.63,-1230.0,83,5,27.97,8.49,721,40
PROD0351,Nova Mobiles 351,Electronics,95,2443511.85,99294.73,114,16,17.04,10.95,547,27
PROD0352,Urban Laptops 352,Electronics,83,721932.21,-4767.4400000000005,97,10,14.19,10.46,282,64
PROD0353,Pulse Fragrance 353,Beauty,47,203311.85,66662.62,64,1,43.99,1.15,8,34
PROD0354,Velvet Dairy 354,Grocery,80,41707.47,-5341.43,101,1,16.36,1.81,270,37
PROD0355,Orbit Storage 355,Home & Kitchen,53,323751.86,43337.86,69,4,27.93,3.04,399,35
PROD0356,Crest Appliances 356,Home & Kitchen,40,283463.45,48870.63,45,1,28.56,3.4,182,75
PROD0357,Bloom Men's Wear 357,Fashion,80,317884.15,59802.93,98,5,31.49,7.92,528,60
PROD0358,Nimbus Women's Wear 358,Fashion,92,278923.95,53665.15,116,10,32.95,8.6,187,30
PROD0359,Vertex Jewellery 359,Accessories,33,66322.09,16034.75,37,3,36.93,4.57,123,78
PROD0360,ACCTech Bags 360,Accessories,33,44485.97,8952.54,38,0,35.83,2.81,645,54
PROD0361,ACCStyle Fragrance 361,Beauty,65,238742.95,90361.46,74,1,48.65,1.4,506,78
PROD0362,ACCGlow Dairy 362,Grocery,75,63250.76,-6763.88,91,3,14.74,1.99,318,30
PROD0363,ACCHome Watches 363,Accessories,41,191698.55,51312.18,46,1,38.17,3.47,799,57
PROD0364,ACCFresh Fitness 364,Sports,37,90958.7,7864.54,43,2,22.41,4.98,125,54
PROD0365,ACCFit Fiction 365,Books,22,20103.7,138.93999999999997,23,0,22.12,1.64,629,69
PROD0366,ACCRead Jewellery 366,Accessories,25,26946.04,3483.32,32,3,35.09,3.21,555,31
PROD0367,ACCChic Outdoor 367,Furniture,22,511608.15,55802.2,26,2,23.65,6.32,672,22
PROD0368,ACCCare Haircare 368,Beauty,42,49157.66,11137.11,51,0,38.89,1.16,88,68
PROD0369,ACCWood Laptops 369,Electronics,101,2180207.7600000002,52029.31,127,14,15.02,9.89,136,54
PROD0370,Zenith Staples 370,Grocery,66,22084.69,-6242.77,85,0,10.48,0.97,776,73
PROD0371,Nova Cookware 371,Home & Kitchen,49,380376.25,62714.45,59,1,29.0,3.71,170,43
PROD0372,Urban Footwear 372,Fashion,77,57078.71,6238.69,90,14,33.34,7.57,522,69
PROD0373,Pulse Snacks 373,Grocery,71,46464.25,-6338.19,85,1,11.06,1.85,123,33
PROD0374,Velvet Outdoor 374,Sports,46,49119.53,6565.87,53,5,31.85,4.97,517,58
PROD0375,Orbit Fitness 375,Sports,37,182287.28,25862.95,49,1,26.71,3.26,70,25
PROD0376,Crest Audio 376,Electronics,103,3281970.0,68030.4,134,9,13.53,10.38,169,64
PROD0377,Bloom Men's Wear 377,Fashion,94,132839.38,22112.81,111,12,33.89,7.36,216,61
PROD0378,Nimbus Haircare 378,Beauty,40,137408.63,30354.94,51,1,35.83,1.83,230,39
PROD0379,Vertex Fitness 379,Sports,40,80054.81,5432.05,52,3,22.5,3.13,581,53
PROD0380,ACCTech Health 380,Personal Care,36,77214.32,17871.22,49,2,36.99,1.21,684,29
PROD0381,ACCStyle Comics 381,Books,22,9553.74,-824.47,25,1,26.16,2.0,4,67
PROD0382,ACCGlow Storage 382,Home & Kitchen,42,311865.4,52314.35,56,2,27.6,4.67,67,70
PROD0383,ACCHome Belts 383,Accessories,32,130365.56999999999,39255.88,38,1,39.83,3.44,663,27
PROD0384,ACCFresh Appliances 384,Home & Kitchen,55,63425.99,1784.37,72,1,22.3,2.65,146,25
PROD0385,ACCFit Mobiles 385,Electronics,86,1325491.96,64428.87,107,13,19.36,9.44,46,55
PROD0386,ACCRead Wellness 386,Personal Care,39,57494.42,10809.95,53,2,34.42,1.78,246,69
PROD0387,ACCChic Mobiles 387,Electronics,98,1688638.32,61924.26,119,11,17.08,9.62,188,60
PROD0388,ACCCare Snacks 388,Grocery,86,41710.340000000004,-5570.2,118,1,15.64,1.03,283,62
PROD0389,ACCWood Beverages 389,Grocery,65,65491.93,-5468.88,79,0,12.98,0.86,418,50
PROD0390,Zenith Audio 390,Electronics,104,3197964.76,223601.26,128,15,19.82,10.43,377,76
PROD0391,Nova Apparel 391,Sports,31,158189.72,15919.060000000001,41,2,22.94,3.64,737,48
PROD0392,Urban Appliances 392,Home & Kitchen,63,166248.29,13607.68,73,4,22.98,3.93,398,60
PROD0393,Pulse Men's Wear 393,Fashion,71,237177.73,39755.77,87,7,29.47,8.77,457,41
PROD0394,Velvet Kids Wear 394,Fashion,72,214199.48,44234.86,91,4,34.12,5.45,174,67
PROD0395,Orbit Audio 395,Electronics,112,1343901.69,14901.050000000001,139,17,15.54,8.34,50,37
PROD0396,Crest Jewellery 396,Accessories,29,14936.39,2054.62,38,1,40.98,3.45,149,39
PROD0397,Bloom Laptops 397,Electronics,117,3793612.88,81006.31,137,13,14.97,7.16,180,78
PROD0398,Nimbus Accessories 398,Electronics,89,2757882.87,33344.37,111,9,15.32,7.16,18,37
PROD0399,Vertex Skincare 399,Beauty,49,166220.8,60914.92,63,2,49.17,2.05,203,63
PROD0400,ACCTech Women's Wear 400,Fashion,87,313953.33,66925.39,106,6,34.59,7.18,752,54
PROD0401,ACCStyle Dairy 401,Grocery,83,9895.289999999999,-7416.89,108,0,15.65,1.14,784,37
PROD0402,ACCGlow Accessories 402,Electronics,86,1110871.13,-16284.99,113,15,12.03,10.98,89,34
PROD0403,ACCHome Office 403,Furniture,17,218046.24,13695.52,18,2,18.88,7.5,785,31
PROD0404,ACCFresh Apparel 404,Sports,53,177025.12,17292.79,68,1,24.63,5.41,418,24
PROD0405,ACCFit Footwear 405,Fashion,74,50599.84,3045.0099999999998,91,9,30.36,5.52,580,77
PROD0406,ACCRead Appliances 406,Home & Kitchen,44,93325.21,14675.41,56,1,29.11,4.53,633,69
PROD0407,ACCChic Makeup 407,Beauty,32,86860.68,24879.79,46,0,41.24,2.09,404,78
PROD0408,ACCCare Fragrance 408,Beauty,48,7962.77,-1259.63,62,0,41.73,1.01,37,49
PROD0409,ACCWood Audio 409,Electronics,96,2075773.83,-22358.629999999997,123,15,14.24,9.69,549,25
PROD0410,Zenith Footwear 410,Fashion,91,359346.81,48607.21,120,8,28.07,7.24,225,47
PROD0411,Nova Team Sports 411,Sports,38,13696.800000000001,-309.63000000000005,49,2,30.24,5.49,530,63
PROD0412,Urban Living Room 412,Furniture,19,55257.54,2394.34,27,1,23.95,6.37,189,43
PROD0413,Pulse Outdoor 413,Sports,29,117698.03,14533.08,37,0,24.22,5.32,139,29
PROD0414,Velvet Storage 414,Home & Kitchen,42,230573.9,20912.89,50,3,24.81,4.04,215,22
PROD0415,Orbit Living Room 415,Furniture,16,567788.3099999999,80635.51,19,1,25.6,7.12,31,62
PROD0416,Crest Bags 416,Accessories,37,44462.06,9031.94,45,4,37.48,4.16,106,76
PROD0417,Bloom Storage 417,Home & Kitchen,54,338514.48,53385.5,63,1,28.59,2.62,505,77
PROD0418,Nimbus Men's Wear 418,Fashion,72,255509.1,49192.78,91,7,33.62,7.64,566,66
PROD0419,Vertex Kids Wear 419,Fashion,76,286021.8,52529.28,95,12,31.91,8.98,563,38
PROD0420,ACCTech Footwear 420,Fashion,83,348058.36,67540.28,112,8,32.81,5.97,327,43
PROD0421,ACCStyle Belts 421,Accessories,37,68061.9,9752.21,44,1,31.29,2.1,474,36
PROD0422,ACCGlow Women's Wear 422,Fashion,84,77231.94,8836.04,113,3,32.55,5.59,605,54
PROD0423,ACCHome Non-Fiction 423,Books,22,26247.87,-425.63,31,1,22.91,1.07,698,61
PROD0424,ACCFresh Accessories 424,Electronics,83,184968.11,110.01999999999992,101,8,15.08,6.34,522,57
PROD0425,ACCFit Comics 425,Books,35,40426.43,3118.88,37,0,25.23,1.57,56,41
PROD0426,ACCRead Mobiles 426,Electronics,111,729873.48,39607.25,132,22,18.52,10.62,436,79
PROD0427,ACCChic Comics 427,Books,17,27006.7,3143.29,21,0,25.98,1.4,111,60
PROD0428,ACCCare Outdoor 428,Sports,38,12963.31,-1162.96,44,0,25.15,5.7,550,62
PROD0429,ACCWood Mobiles 429,Electronics,94,2987601.78,5213.0999999999985,117,11,14.09,7.95,447,76
PROD0430,Zenith Laptops 430,Electronics,95,1674629.44,92764.84,115,12,19.42,10.16,640,78
PROD0431,Nova Laptops 431,Electronics,79,1416540.65,53285.74,98,5,17.1,7.25,759,21
PROD0432,Urban Wellness 432,Personal Care,27,45958.87,7656.88,32,0,31.11,2.73,780,64
PROD0433,Pulse Apparel 433,Sports,32,39525.88,4047.51,41,0,28.27,3.9,106,50
PROD0434,Velvet Women's Wear 434,Fashion,59,80470.61,8054.58,68,4,26.03,6.06,431,59
PROD0435,Orbit Men's Wear 435,Fashion,62,33797.22,997.86,72,5,27.09,6.81,101,30
PROD0436,Crest Staples 436,Grocery,73,55514.33,-4445.2,94,2,17.51,1.68,244,57
PROD0437,Bloom Beverages 437,Grocery,63,47200.659999999996,-6406.62,73,0,10.38,1.36,250,41
PROD0438,Nimbus Dairy 438,Grocery,67,5201.23,-5495.42,86,1,13.28,0.58,236,42
PROD0439,Vertex Storage 439,Home & Kitchen,58,207471.62,11392.72,67,0,21.96,2.45,485,61
PROD0440,ACCTech Appliances 440,Home & Kitchen,36,165101.28,17046.03,47,0,24.79,2.05,206,62
PROD0441,ACCStyle Health 441,Personal Care,23,35876.99,3590.15,27,1,29.56,1.2,550,76
PROD0442,ACCGlow Makeup 442,Beauty,56,175561.85,65746.62,68,1,48.24,2.99,210,45
PROD0443,ACCHome Appliances 443,Home & Kitchen,55,286254.36,37548.98,66,4,25.15,4.87,205,57
PROD0444,ACCFresh Accessories 444,Electronics,95,1743549.56,34699.22,121,9,15.78,6.45,386,33
PROD0445,ACCFit Audio 445,Electronics,97,1575342.81,13656.799999999997,113,7,14.1,9.02,467,29
PROD0446,ACCRead Appliances 446,Home & Kitchen,66,371768.15,30319.68,79,2,20.87,2.5,353,36
PROD0447,ACCChic Dairy 447,Grocery,65,10694.41,-5585.98,79,2,10.35,1.91,402,53
PROD0448,ACCCare Audio 448,Electronics,82,1472617.54,92865.86,107,9,19.17,8.05,81,55
PROD0449,ACCWood Dairy 449,Grocery,69,21845.89,-5966.48,87,2,12.5,0.66,7,53
PROD0450,Zenith Team Sports 450,Sports,35,95789.24,9042.37,42,2,22.75,5.36,516,62
PROD0451,Nova Laptops 451,Electronics,106,1986795.58,58897.170000000006,130,4,14.6,6.22,72,76
PROD0452,Urban Mobiles 452,Electronics,99,304428.64,-8176.35,120,7,13.33,7.33,764,49
PROD0453,Pulse Dairy 453,Grocery,68,29396.97,-5547.34,83,0,14.03,0.99,361,62
PROD0454,Velvet Staples 454,Grocery,58,34585.56,-4041.4,70,1,16.8,1.54,449,36
PROD0455,Orbit Office 455,Furniture,21,606525.23,73411.19,26,2,25.73,7.05,154,53
PROD0456,Crest Watches 456,Accessories,39,75778.68,18828.65,46,0,39.76,3.29,287,68
PROD0457,Bloom Fitness 457,Sports,33,102272.35,16241.4,40,0,29.56,5.76,165,28
PROD0458,Nimbus Storage 458,Home & Kitchen,51,119295.2,10184.67,60,2,23.41,3.51,716,65
PROD0459,Vertex Storage 459,Home & Kitchen,42,76039.03,3036.43,58,1,23.23,2.48,285,72
PROD0460,ACCTech Staples 460,Grocery,60,1751.99,-5348.8,75,3,13.94,1.64,341,23
PROD0461,ACCStyle Outdoor 461,Sports,37,72903.45,11895.97,47,2,31.92,3.62,616,36
PROD0462,ACCGlow Fragrance 462,Beauty,54,110813.2,37757.65,66,2,47.28,1.58,684,61
PROD0463,ACCHome Decor 463,Home & Kitchen,51,48257.8,2241.27,66,2,25.07,2.62,434,52
PROD0464,ACCFresh Fragrance 464,Beauty,50,90373.29,19466.86,64,1,37.31,2.72,662,70
PROD0465,ACCFit Haircare 465,Beauty,48,46631.41,11493.1,59,1,42.11,2.29,547,25
PROD0466,ACCRead Appliances 466,Home & Kitchen,56,291866.91,13039.25,74,2,20.95,3.94,599,32
PROD0467,ACCChic Women's Wear 467,Fashion,79,131475.86,21958.52,108,10,31.44,7.54,457,77
PROD0468,ACCCare Apparel 468,Sports,42,31422.54,4257.83,53,7,31.68,5.67,93,54
PROD0469,ACCWood Men's Wear 469,Fashion,77,149946.83,21337.66,96,13,28.76,8.82,375,42
PROD0470,Zenith Audio 470,Electronics,91,424313.1,-1326.2000000000005,114,12,15.27,10.29,414,25
PROD0471,Nova Office 471,Furniture,21,428894.18,31898.67,28,0,21.48,5.67,169,78
PROD0472,Urban Women's Wear 472,Fashion,73,146923.14,30216.89,90,6,34.43,7.23,332,37
PROD0473,Pulse Haircare 473,Beauty,58,140429.55,49702.97,72,0,47.56,1.49,37,35
PROD0474,Velvet Beverages 474,Grocery,67,37838.52,-4522.25,87,2,15.35,0.62,125,65
PROD0475,Orbit Beverages 475,Grocery,78,10773.29,-6497.36,95,1,12.95,1.77,654,64
PROD0476,Crest Outdoor 476,Furniture,17,450986.78,57078.67,17,1,23.49,7.51,545,27
PROD0477,Bloom Audio 477,Electronics,100,3710904.36,277015.84,122,15,19.92,6.03,329,42
PROD0478,Nimbus Makeup 478,Beauty,53,35761.67,9532.8,68,1,47.66,2.09,581,30
PROD0479,Vertex Appliances 479,Home & Kitchen,52,65885.59,-172.62,68,0,20.1,2.84,587,26
PROD0480,ACCTech Women's Wear 480,Fashion,83,186715.03,18495.32,106,7,25.13,6.99,283,57
PROD0481,ACCStyle Mobiles 481,Electronics,99,1600125.2,19435.93,130,6,15.5,6.03,4,77
PROD0482,ACCGlow Laptops 482,Electronics,93,2763910.88,49498.17,123,5,15.28,6.11,657,20
PROD0483,ACCHome Appliances 483,Home & Kitchen,46,95628.47,13880.22,55,3,27.91,3.44,11,48
PROD0484,ACCFresh Accessories 484,Electronics,107,3142321.87,80370.13,132,12,16.76,8.41,222,66
PROD0485,ACCFit Dairy 485,Grocery,61,7259.46,-5036.53,69,1,13.48,1.54,567,29
PROD0486,ACCRead Snacks 486,Grocery,48,32364.6,-4788.76,63,0,13.22,0.54,8,75
PROD0487,ACCChic Women's Wear 487,Fashion,59,135853.12,27017.45,76,8,34.23,6.91,642,64
PROD0488,ACCCare Appliances 488,Home & Kitchen,49,58745.36,1078.54,57,4,22.88,2.8,629,35
PROD0489,ACCWood Kids Wear 489,Fashion,85,94536.97,12256.16,99,11,31.23,7.66,352,74
PROD0490,Zenith Snacks 490,Grocery,59,6694.57,-5310.54,72,1,10.1,0.75,295,65
PROD0491,Nova Appliances 491,Home & Kitchen,46,36911.2,2992.24,58,3,29.7,3.18,450,55
PROD0492,Urban Appliances 492,Home & Kitchen,46,212118.47,24581.34,54,0,24.32,2.21,504,24
PROD0493,Pulse Health 493,Personal Care,30,50175.03,7068.39,43,1,29.11,1.15,375,42
PROD0494,Velvet Audio 494,Electronics,91,389793.77,-4998.070000000001,106,7,14.05,8.55,329,34
PROD0495,Orbit Kids Wear 495,Fashion,74,289318.42,56269.6,89,4,33.64,7.67,425,31
PROD0496,Crest Appliances 496,Home & Kitchen,55,173738.98,16552.94,65,5,24.57,4.23,318,23
PROD0497,Bloom Team Sports 497,Sports,35,82970.58,5124.92,43,0,22.81,3.76,456,44
PROD0498,Nimbus Mobiles 498,Electronics,100,1042598.49,56265.91,122,12,18.38,7.69,536,47
PROD0499,Vertex Wellness 499,Personal Care,44,15663.37,-1201.3700000000001,54,1,28.38,2.97,531,74
PROD0500,ACCTech Audio 500,Electronics,103,3442323.71,71148.45,126,18,15.68,10.61,298,63
