Product_ID,Product_Name,Category,Subcategory,Brand,Supplier_ID,Cost_Price,Selling_Price,MRP,Profit_Per_Unit,Profit_Margin_Pct,Discount_Available_Pct,Rating,Review_Count,Stock_Quantity,Reorder_Level,Product_Launch_Date,Product_Status,Return_Rate_Pct,Supplier_Rating
PROD0001,ACCStyle Storage 1,Home & Kitchen,Storage,ACCStyle,SUP101,960.39,1337.86,1458.88,377.47,28.21,8.3,3.6,142,571,70,2024-10-02,Active,3.49,4.3
PROD0002,ACCGlow Dairy 2,Grocery,Dairy,ACCGlow,SUP102,255.31,290.04,361.08,34.73,11.97,19.67,4.4,181,57,74,2024-09-27,Active,1.84,4.3
PROD0003,ACCHome Appliances 3,Home & Kitchen,Appliances,ACCHome,SUP103,4457.35,6347.23,8259.98,1889.88,29.77,23.16,3.7,169,91,28,2023-12-04,Active,4.33,3.8
PROD0004,ACCFresh Team Sports 4,Sports,Team Sports,ACCFresh,SUP104,2845.32,3748.37,4940.58,903.05,24.09,24.13,3.8,416,153,34,2025-06-19,Active,3.18,4.7
PROD0005,ACCFit Appliances 5,Home & Kitchen,Appliances,ACCFit,SUP105,1432.49,1856.26,2127.8,423.77,22.83,12.76,3.9,131,611,33,2024-09-07,Active,3.5,4.5
PROD0006,ACCRead Jewellery 6,Accessories,Jewellery,ACCRead,SUP106,1531.78,2587.31,2930.38,1055.53,40.8,11.71,4.6,650,292,76,2024-01-06,Active,3.52,3.1
PROD0007,ACCChic Mobiles 7,Electronics,Mobiles,ACCChic,SUP107,16045.78,19499.71,25640.92,3453.93,17.71,23.95,4.8,750,84,20,2024-04-21,Active,9.37,3.2
PROD0008,ACCCare Audio 8,Electronics,Audio,ACCCare,SUP108,17273.82,20335.87,22711.57,3062.05,15.06,10.46,3.8,310,597,30,2026-01-27,Active,8.55,4.0
PROD0009,ACCWood Office 9,Furniture,Office,ACCWood,SUP109,16732.39,21875.68,25461.21,5143.29,23.51,14.08,4.8,525,22,24,2024-01-18,Active,5.51,4.6
PROD0010,Zenith Mobiles 10,Electronics,Mobiles,Zenith,SUP110,29406.3,34103.83,43438.93,4697.53,13.77,21.49,3.6,356,403,60,2024-07-26,Active,9.05,4.5
PROD0011,Nova Grooming 11,Personal Care,Grooming,Nova,SUP111,1189.8,1638.62,2087.25,448.82,27.39,21.49,4.5,579,250,34,2023-09-16,Active,2.1,4.0
PROD0012,Urban Audio 12,Electronics,Audio,Urban,SUP112,27127.34,31653.57,35076.0,4526.23,14.3,9.76,4.0,162,738,72,2024-09-19,Active,7.16,3.1
PROD0013,Pulse Haircare 13,Beauty,Haircare,Pulse,SUP113,1373.19,2436.16,2703.62,1062.97,43.63,9.89,3.5,642,205,37,2023-08-15,Active,1.7,4.4
PROD0014,Velvet Fragrance 14,Beauty,Fragrance,Velvet,SUP114,713.59,1284.02,1603.1,570.43,44.43,19.9,4.3,544,32,32,2025-01-24,Active,2.04,3.6
PROD0015,Orbit Decor 15,Home & Kitchen,Decor,Orbit,SUP115,3797.62,5260.93,6609.75,1463.31,27.81,20.41,3.4,69,154,43,2025-05-18,Active,3.43,4.7
PROD0016,Crest Audio 16,Electronics,Audio,Crest,SUP116,20182.76,24372.58,30848.47,4189.82,17.19,20.99,3.3,88,376,31,2024-04-23,Active,8.58,4.7
PROD0017,Bloom Kids Wear 17,Fashion,Kids Wear,Bloom,SUP117,2455.33,3347.64,3948.72,892.31,26.65,15.22,4.0,255,61,53,2025-04-20,Active,5.2,3.6
PROD0018,Nimbus Wellness 18,Personal Care,Wellness,Nimbus,SUP118,267.05,391.23,501.67,124.18,31.74,22.01,3.7,271,781,27,2026-03-09,Active,2.13,3.5
PROD0019,Vertex Skincare 19,Beauty,Skincare,Vertex,SUP119,854.92,1321.65,1743.77,466.73,35.31,24.21,3.6,209,607,66,2025-11-02,Active,1.22,3.9
PROD0020,ACCTech Beverages 20,Grocery,Beverages,ACCTech,SUP120,397.3,449.15,503.54,51.85,11.54,10.8,4.4,88,445,36,2025-06-28,Active,1.5,4.5
PROD0021,ACCStyle Men's Wear 21,Fashion,Men's Wear,ACCStyle,SUP121,223.39,329.13,372.51,105.74,32.13,11.65,3.5,34,554,50,2024-07-27,Active,6.7,4.3
PROD0022,ACCGlow Makeup 22,Beauty,Makeup,ACCGlow,SUP122,188.8,342.5,406.18,153.7,44.88,15.68,3.3,143,422,40,2025-05-28,Active,2.41,3.7
PROD0023,ACCHome Office 23,Furniture,Office,ACCHome,SUP123,1046.51,1428.22,1909.56,381.71,26.73,25.21,4.0,80,257,72,2024-04-20,Active,6.24,3.9
PROD0024,ACCFresh Jewellery 24,Accessories,Jewellery,ACCFresh,SUP124,2221.08,3759.09,4230.56,1538.01,40.91,11.14,3.6,105,581,52,2025-11-20,Active,3.68,4.7
PROD0025,ACCFit Laptops 25,Electronics,Laptops,ACCFit,SUP125,12565.41,15444.4,19054.11,2878.99,18.64,18.94,3.9,47,362,68,2025-11-11,Active,6.28,3.5
PROD0026,ACCRead Fragrance 26,Beauty,Fragrance,ACCRead,SUP126,1182.01,1864.24,2475.78,682.23,36.6,24.7,4.5,572,38,72,2024-02-13,Active,1.87,4.2
PROD0027,ACCChic Accessories 27,Electronics,Accessories,ACCChic,SUP127,22035.93,26808.16,36182.6,4772.23,17.8,25.91,4.7,242,737,21,2025-08-07,Active,9.2,4.1
PROD0028,ACCCare Laptops 28,Electronics,Laptops,ACCCare,SUP128,1477.11,1690.64,1874.59,213.53,12.63,9.81,3.5,580,467,60,2025-11-18,Active,6.08,4.0
PROD0029,ACCWood Beverages 29,Grocery,Beverages,ACCWood,SUP129,362.0,419.95,526.25,57.95,13.8,20.2,4.4,407,326,22,2025-05-29,Active,1.67,3.4
PROD0030,Zenith Office 30,Furniture,Office,Zenith,SUP130,12726.33,16475.73,19842.92,3749.4,22.76,16.97,3.4,83,755,37,2024-05-06,Active,4.44,3.4
PROD0031,Nova Team Sports 31,Sports,Team Sports,Nova,SUP131,1019.72,1460.62,1706.47,440.9,30.19,14.41,4.3,104,186,27,2024-05-15,Active,3.92,3.1
PROD0032,Urban Beverages 32,Grocery,Beverages,Urban,SUP132,649.59,778.44,979.43,128.85,16.55,20.52,3.5,38,236,32,2025-10-22,Active,1.28,4.5
PROD0033,Pulse Women's Wear 33,Fashion,Women's Wear,Pulse,SUP133,257.24,363.57,462.64,106.33,29.25,21.41,3.8,28,651,36,2025-06-20,Active,6.2,3.8
PROD0034,Velvet Kids Wear 34,Fashion,Kids Wear,Velvet,SUP134,2277.83,3060.7,3718.81,782.87,25.58,17.7,4.0,316,439,54,2026-05-26,Active,8.96,4.3
PROD0035,Orbit Laptops 35,Electronics,Laptops,Orbit,SUP135,18726.09,21844.51,29012.95,3118.42,14.28,24.71,4.5,48,684,36,2024-09-12,Active,6.64,3.9
PROD0036,Crest Appliances 36,Home & Kitchen,Appliances,Crest,SUP136,2626.75,3682.76,4920.46,1056.01,28.67,25.15,3.7,137,597,55,2023-08-21,Active,3.14,4.4
PROD0037,Bloom Snacks 37,Grocery,Snacks,Bloom,SUP137,819.43,954.44,1244.04,135.01,14.15,23.28,4.8,9,766,42,2025-01-15,Active,1.79,4.4
PROD0038,Nimbus Belts 38,Accessories,Belts,Nimbus,SUP138,424.39,623.24,803.01,198.85,31.91,22.39,3.3,346,58,49,2024-08-28,Active,4.28,3.8
PROD0039,Vertex Accessories 39,Electronics,Accessories,Vertex,SUP139,23172.99,27538.34,37014.28,4365.35,15.85,25.6,4.1,123,463,34,2023-09-04,Active,10.84,4.1
PROD0040,ACCTech Accessories 40,Electronics,Accessories,ACCTech,SUP140,14298.22,16288.16,21667.5,1989.94,12.22,24.83,4.2,1356,505,79,2025-05-03,Active,8.84,4.1
PROD0041,ACCStyle Footwear 41,Fashion,Footwear,ACCStyle,SUP141,1907.06,2652.63,3002.79,745.57,28.11,11.66,3.3,216,568,69,2024-06-14,Active,6.61,3.9
PROD0042,ACCGlow Grooming 42,Personal Care,Grooming,ACCGlow,SUP142,1211.11,1861.16,2345.18,650.05,34.93,20.64,4.0,196,587,60,2025-03-13,Active,1.41,3.3
PROD0043,ACCHome Women's Wear 43,Fashion,Women's Wear,ACCHome,SUP143,1189.28,1682.92,1931.39,493.64,29.33,12.86,4.3,44,751,20,2024-11-04,Active,8.86,4.0
PROD0044,ACCFresh Laptops 44,Electronics,Laptops,ACCFresh,SUP144,27984.02,32375.27,37989.96,4391.25,13.56,14.78,4.5,22,72,20,2023-07-17,Active,9.68,4.7
PROD0045,ACCFit Beverages 45,Grocery,Beverages,ACCFit,SUP145,88.88,105.47,122.88,16.59,15.73,14.17,4.9,659,387,25,2024-08-11,Active,1.49,3.5
PROD0046,ACCRead Belts 46,Accessories,Belts,ACCRead,SUP146,1058.55,1680.88,2173.56,622.33,37.02,22.67,3.8,52,522,27,2023-10-03,Active,3.35,4.3
PROD0047,ACCChic Apparel 47,Sports,Apparel,ACCChic,SUP147,511.35,738.32,936.4,226.97,30.74,21.15,4.7,164,718,40,2023-07-25,Active,4.53,4.4
PROD0048,ACCCare Decor 48,Home & Kitchen,Decor,ACCCare,SUP148,4911.53,6773.36,7377.48,1861.83,27.49,8.19,3.5,19,362,36,2025-04-24,Active,2.62,3.1
PROD0049,ACCWood Storage 49,Home & Kitchen,Storage,ACCWood,SUP149,2835.96,3910.9,5220.54,1074.94,27.49,25.09,3.7,204,403,25,2025-05-22,Active,2.68,3.1
PROD0050,Zenith Bedroom 50,Furniture,Bedroom,Zenith,SUP150,6435.61,8665.07,10690.55,2229.46,25.73,18.95,3.4,918,402,62,2025-10-22,Active,5.08,3.1
PROD0051,Nova Footwear 51,Fashion,Footwear,Nova,SUP151,610.27,839.72,1118.75,229.45,27.32,24.94,3.2,482,179,77,2025-12-05,Active,8.02,4.2
PROD0052,Urban Fragrance 52,Beauty,Fragrance,Urban,SUP152,559.99,1020.57,1226.3,460.58,45.13,16.78,4.2,387,232,23,2026-02-14,Active,1.47,4.3
PROD0053,Pulse Footwear 53,Fashion,Footwear,Pulse,SUP153,603.82,893.87,1124.7,290.05,32.45,20.52,3.3,545,186,56,2025-01-19,Active,6.08,3.2
PROD0054,Velvet Grooming 54,Personal Care,Grooming,Velvet,SUP154,428.54,662.01,759.21,233.47,35.27,12.8,4.0,58,624,24,2025-02-11,Active,2.09,3.7
PROD0055,Orbit Women's Wear 55,Fashion,Women's Wear,Orbit,SUP155,2178.14,3074.29,3418.74,896.15,29.15,10.08,4.7,1035,330,67,2026-02-02,Active,6.12,4.8
PROD0056,Crest Footwear 56,Fashion,Footwear,Crest,SUP156,297.5,446.82,532.67,149.32,33.42,16.12,4.7,270,637,21,2026-03-10,Active,8.52,4.0
PROD0057,Bloom Watches 57,Accessories,Watches,Bloom,SUP157,612.57,985.61,1316.6,373.04,37.85,25.14,3.5,318,333,28,2023-10-05,Active,3.77,3.1
PROD0058,Nimbus Comics 58,Books,Comics,Nimbus,SUP158,166.07,214.01,254.57,47.94,22.4,15.93,4.5,471,593,20,2026-05-06,Discontinued,1.92,3.3
PROD0059,Vertex Belts 59,Accessories,Belts,Vertex,SUP159,3381.2,5474.79,6335.81,2093.59,38.24,13.59,3.7,59,153,73,2026-02-10,Active,4.66,4.3
PROD0060,ACCTech Wellness 60,Personal Care,Wellness,ACCTech,SUP100,762.3,1197.81,1602.68,435.51,36.36,25.26,4.9,118,613,57,2024-09-19,Active,1.4,4.8
PROD0061,ACCStyle Mobiles 61,Electronics,Mobiles,ACCStyle,SUP101,2082.26,2537.37,3163.3,455.11,17.94,19.79,4.4,125,654,64,2025-04-14,Active,9.42,3.8
PROD0062,ACCGlow Appliances 62,Home & Kitchen,Appliances,ACCGlow,SUP102,4794.7,6355.01,7010.57,1560.31,24.55,9.35,3.5,606,659,77,2025-11-16,Active,4.81,3.6
PROD0063,ACCHome Storage 63,Home & Kitchen,Storage,ACCHome,SUP103,5536.89,7219.61,9489.99,1682.72,23.31,23.92,4.8,19,693,77,2025-07-04,Active,4.04,3.7
PROD0064,ACCFresh Audio 64,Electronics,Audio,ACCFresh,SUP104,17470.58,21600.14,27172.06,4129.56,19.12,20.51,4.1,122,314,63,2024-04-21,Active,7.38,4.0
PROD0065,ACCFit Comics 65,Books,Comics,ACCFit,SUP105,152.47,187.97,224.77,35.5,18.89,16.37,3.3,68,618,46,2026-02-12,Active,1.43,4.1
PROD0066,ACCRead Audio 66,Electronics,Audio,ACCRead,SUP106,7208.1,8204.71,10723.12,996.61,12.15,23.49,3.9,39,180,79,2026-01-06,Active,10.86,3.8
PROD0067,ACCChic Women's Wear 67,Fashion,Women's Wear,ACCChic,SUP107,1159.69,1655.93,1821.12,496.24,29.97,9.07,3.5,97,797,37,2025-11-16,Active,5.15,3.5
PROD0068,ACCCare Bags 68,Accessories,Bags,ACCCare,SUP108,633.53,952.9,1131.41,319.37,33.52,15.78,4.8,193,574,49,2023-06-18,Active,4.23,4.7
PROD0069,ACCWood Team Sports 69,Sports,Team Sports,ACCWood,SUP109,3324.56,4394.17,5221.56,1069.61,24.34,15.85,3.7,271,79,46,2025-07-29,Active,3.31,4.4
PROD0070,Zenith Mobiles 70,Electronics,Mobiles,Zenith,SUP110,6432.83,7587.15,9377.67,1154.32,15.21,19.09,4.5,131,736,35,2026-02-20,Active,7.35,3.2
PROD0071,Nova Men's Wear 71,Fashion,Men's Wear,Nova,SUP111,586.96,855.7,1052.94,268.74,31.41,18.73,4.7,147,506,63,2025-06-20,Active,7.24,4.6
PROD0072,Urban Women's Wear 72,Fashion,Women's Wear,Urban,SUP112,1289.45,1914.98,2521.78,625.53,32.67,24.06,4.0,71,571,29,2023-08-25,Active,7.95,3.8
PROD0073,Pulse Snacks 73,Grocery,Snacks,Pulse,SUP113,188.89,222.61,293.0,33.72,15.15,24.02,3.9,76,436,75,2025-07-10,Active,0.82,4.5
PROD0074,Velvet Mobiles 74,Electronics,Mobiles,Velvet,SUP114,5632.51,7021.43,8791.18,1388.92,19.78,20.13,3.8,338,661,58,2023-10-12,Active,7.41,4.7
PROD0075,Orbit Kids Wear 75,Fashion,Kids Wear,Orbit,SUP115,1533.13,2262.96,2627.83,729.83,32.25,13.88,3.2,1043,539,47,2024-12-12,Active,6.09,4.4
PROD0076,Crest Fiction 76,Books,Fiction,Crest,SUP116,321.86,421.68,503.7,99.82,23.67,16.28,4.3,4,796,66,2026-02-12,Active,1.97,4.6
PROD0077,Bloom Laptops 77,Electronics,Laptops,Bloom,SUP117,22577.36,27942.72,33846.44,5365.36,19.2,17.44,4.3,115,413,25,2023-10-24,Active,8.83,4.7
PROD0078,Nimbus Snacks 78,Grocery,Snacks,Nimbus,SUP118,91.5,102.06,119.04,10.56,10.35,14.26,4.1,262,287,31,2025-10-23,Active,1.1,4.8
PROD0079,Vertex Cookware 79,Home & Kitchen,Cookware,Vertex,SUP119,2879.36,3639.47,4694.69,760.11,20.89,22.48,3.6,416,455,53,2025-08-02,Active,3.95,4.1
PROD0080,ACCTech Snacks 80,Grocery,Snacks,ACCTech,SUP120,186.33,222.26,293.16,35.93,16.17,24.18,4.3,199,215,55,2024-04-10,Active,1.61,4.6
PROD0081,ACCStyle Team Sports 81,Sports,Team Sports,ACCStyle,SUP121,2215.66,3253.59,4379.18,1037.93,31.9,25.7,3.9,830,511,61,2023-08-21,Active,4.76,4.8
PROD0082,ACCGlow Mobiles 82,Electronics,Mobiles,ACCGlow,SUP122,3004.11,3581.59,4115.05,577.48,16.12,12.96,3.6,145,502,48,2025-12-21,Active,10.74,3.5
PROD0083,ACCHome Audio 83,Electronics,Audio,ACCHome,SUP123,23137.97,26940.97,30150.25,3803.0,14.12,10.64,4.9,29,339,29,2023-08-09,Active,6.52,4.1
PROD0084,ACCFresh Apparel 84,Sports,Apparel,ACCFresh,SUP124,3176.77,4077.3,5121.09,900.53,22.09,20.38,3.8,479,631,37,2023-07-28,Active,4.89,3.4
PROD0085,ACCFit Staples 85,Grocery,Staples,ACCFit,SUP125,250.59,283.83,353.1,33.24,11.71,19.62,4.0,478,415,51,2026-05-19,Active,1.83,3.7
PROD0086,ACCRead Kids Wear 86,Fashion,Kids Wear,ACCRead,SUP126,1764.54,2432.33,2867.46,667.79,27.45,15.17,3.3,55,65,73,2023-09-25,Discontinued,5.42,4.6
PROD0087,ACCChic Appliances 87,Home & Kitchen,Appliances,ACCChic,SUP127,2094.18,2859.35,3581.16,765.17,26.76,20.16,4.8,530,230,33,2024-09-22,Active,4.54,4.4
PROD0088,ACCCare Cookware 88,Home & Kitchen,Cookware,ACCCare,SUP128,4165.62,5423.44,6318.9,1257.82,23.19,14.17,3.4,16,394,75,2025-09-30,Active,2.33,3.4
PROD0089,ACCWood Non-Fiction 89,Books,Non-Fiction,ACCWood,SUP129,743.62,946.8,1154.26,203.18,21.46,17.97,3.3,1583,138,43,2025-12-03,Active,1.89,4.3
PROD0090,Zenith Women's Wear 90,Fashion,Women's Wear,Zenith,SUP130,2463.32,3363.07,3811.03,899.75,26.75,11.75,3.6,383,587,46,2026-03-01,Active,5.06,4.4
PROD0091,Nova Men's Wear 91,Fashion,Men's Wear,Nova,SUP131,1388.47,1879.12,2423.45,490.65,26.11,22.46,3.8,74,20,41,2023-11-20,Active,8.03,4.3
PROD0092,Urban Accessories 92,Electronics,Accessories,Urban,SUP132,16572.62,19131.41,20921.59,2558.79,13.37,8.56,3.4,243,537,61,2025-11-23,Active,6.23,4.7
PROD0093,Pulse Cookware 93,Home & Kitchen,Cookware,Pulse,SUP133,3780.4,4802.54,5727.37,1022.14,21.28,16.15,3.5,173,581,47,2023-06-04,Active,2.57,4.1
PROD0094,Velvet Dairy 94,Grocery,Dairy,Velvet,SUP134,385.76,432.53,527.16,46.77,10.81,17.95,3.3,768,113,53,2023-09-21,Discontinued,1.35,3.4
PROD0095,Orbit Audio 95,Electronics,Audio,Orbit,SUP135,19744.19,22908.82,28618.69,3164.63,13.81,19.95,4.4,192,114,43,2024-02-26,Active,8.37,3.1
PROD0096,Crest Fragrance 96,Beauty,Fragrance,Crest,SUP136,932.33,1452.2,1697.92,519.87,35.8,14.47,4.1,471,456,74,2025-07-20,Active,1.17,3.7
PROD0097,Bloom Fitness 97,Sports,Fitness,Bloom,SUP137,3152.66,4571.84,5580.49,1419.18,31.04,18.07,3.9,276,250,47,2023-06-18,Active,5.03,3.5
PROD0098,Nimbus Skincare 98,Beauty,Skincare,Nimbus,SUP138,1565.54,2580.01,3278.83,1014.47,39.32,21.31,4.3,841,397,23,2026-05-14,Active,1.87,3.7
PROD0099,Vertex Hygiene 99,Personal Care,Hygiene,Vertex,SUP139,1133.12,1516.85,1675.0,383.73,25.3,9.44,3.9,488,77,59,2025-12-16,Active,1.19,3.0
PROD0100,ACCTech Accessories 100,Electronics,Accessories,ACCTech,SUP140,16608.5,19491.75,26109.95,2883.25,14.79,25.35,4.4,208,458,62,2023-10-06,Active,6.51,4.6
PROD0101,ACCStyle Fiction 101,Books,Fiction,ACCStyle,SUP141,309.48,407.62,535.05,98.14,24.08,23.82,4.2,957,609,28,2023-06-13,Active,1.43,3.4
PROD0102,ACCGlow Hygiene 102,Personal Care,Hygiene,ACCGlow,SUP142,603.71,852.73,975.99,249.02,29.2,12.63,3.5,157,356,65,2024-02-27,Active,2.3,3.6
PROD0103,ACCHome Outdoor 103,Sports,Outdoor,ACCHome,SUP143,543.89,776.76,925.69,232.87,29.98,16.09,3.3,635,409,34,2025-08-19,Active,4.76,3.6
PROD0104,ACCFresh Decor 104,Home & Kitchen,Decor,ACCFresh,SUP144,4872.67,6726.73,8503.53,1854.06,27.56,20.89,4.7,80,63,60,2023-08-25,Active,2.32,3.7
PROD0105,ACCFit Men's Wear 105,Fashion,Men's Wear,ACCFit,SUP145,1650.2,2370.48,2641.16,720.28,30.39,10.25,4.0,330,419,36,2024-02-05,Active,7.14,3.3
PROD0106,ACCRead Grooming 106,Personal Care,Grooming,ACCRead,SUP146,1409.15,2200.74,2681.36,791.59,35.97,17.92,4.1,112,286,77,2023-10-18,Active,2.72,4.4
PROD0107,ACCChic Outdoor 107,Sports,Outdoor,ACCChic,SUP147,1424.43,2028.97,2733.6,604.54,29.8,25.78,3.4,912,281,63,2024-12-02,Active,3.84,3.1
PROD0108,ACCCare Fitness 108,Sports,Fitness,ACCCare,SUP148,1535.53,2033.89,2509.16,498.36,24.5,18.94,4.3,51,689,72,2023-06-11,Active,4.46,3.1
PROD0109,ACCWood Comics 109,Books,Comics,ACCWood,SUP149,590.21,765.57,921.88,175.36,22.91,16.96,4.0,67,26,59,2025-11-10,Active,1.84,4.2
PROD0110,Zenith Dairy 110,Grocery,Dairy,Zenith,SUP150,98.01,114.26,124.75,16.25,14.22,8.41,4.6,128,367,20,2023-10-11,Active,0.69,4.7
PROD0111,Nova Mobiles 111,Electronics,Mobiles,Nova,SUP151,1293.61,1554.43,2009.46,260.82,16.78,22.64,3.9,333,246,32,2024-12-28,Active,10.76,4.6
PROD0112,Urban Staples 112,Grocery,Staples,Urban,SUP152,584.62,654.54,773.55,69.92,10.68,15.38,4.3,650,640,55,2023-11-15,Active,0.52,4.4
PROD0113,Pulse Comics 113,Books,Comics,Pulse,SUP153,960.07,1189.61,1545.17,229.54,19.3,23.01,4.1,132,190,47,2024-09-12,Active,1.7,4.0
PROD0114,Velvet Jewellery 114,Accessories,Jewellery,Velvet,SUP154,178.17,254.63,325.72,76.46,30.03,21.83,4.6,230,257,36,2024-04-06,Active,3.7,4.5
PROD0115,Orbit Fragrance 115,Beauty,Fragrance,Orbit,SUP155,830.74,1298.89,1488.32,468.15,36.04,12.73,3.7,824,740,79,2024-11-08,Active,2.53,3.2
PROD0116,Crest Team Sports 116,Sports,Team Sports,Crest,SUP156,2984.86,3986.45,5097.36,1001.59,25.12,21.79,3.8,37,629,57,2026-04-04,Active,4.65,4.3
PROD0117,Bloom Staples 117,Grocery,Staples,Bloom,SUP157,182.94,204.0,262.04,21.06,10.33,22.15,4.4,426,27,26,2025-11-03,Active,0.82,3.5
PROD0118,Nimbus Skincare 118,Beauty,Skincare,Nimbus,SUP158,591.39,955.6,1203.75,364.21,38.11,20.61,4.0,304,693,51,2023-10-07,Active,2.91,3.6
PROD0119,Vertex Belts 119,Accessories,Belts,Vertex,SUP159,634.8,921.14,1146.45,286.34,31.09,19.65,3.4,482,427,34,2023-07-11,Active,3.78,4.3
PROD0120,ACCTech Jewellery 120,Accessories,Jewellery,ACCTech,SUP100,157.68,232.26,257.98,74.58,32.11,9.97,3.3,11,575,36,2025-03-31,Active,2.58,4.3
PROD0121,ACCStyle Footwear 121,Fashion,Footwear,ACCStyle,SUP101,1425.14,2088.3,2567.51,663.16,31.76,18.66,3.8,153,622,28,2025-08-08,Active,5.03,3.4
PROD0122,ACCGlow Men's Wear 122,Fashion,Men's Wear,ACCGlow,SUP102,1645.68,2197.82,2537.63,552.14,25.12,13.39,3.9,801,430,39,2024-04-17,Active,8.3,4.1
PROD0123,ACCHome Outdoor 123,Sports,Outdoor,ACCHome,SUP103,1251.08,1649.14,2060.67,398.06,24.14,19.97,4.8,475,192,37,2023-11-19,Active,3.08,3.2
PROD0124,ACCFresh Jewellery 124,Accessories,Jewellery,ACCFresh,SUP104,1528.93,2620.76,3530.86,1091.83,41.66,25.78,4.7,473,479,31,2025-03-28,Active,3.23,3.7
PROD0125,ACCFit Watches 125,Accessories,Watches,ACCFit,SUP105,1717.26,2533.42,3287.95,816.16,32.22,22.95,4.1,77,54,79,2026-05-10,Active,2.05,4.0
PROD0126,ACCRead Accessories 126,Electronics,Accessories,ACCRead,SUP106,7848.84,9153.1,10102.89,1304.26,14.25,9.4,4.0,183,342,44,2025-05-08,Active,8.53,3.3
PROD0127,ACCChic Beverages 127,Grocery,Beverages,ACCChic,SUP107,723.68,836.15,1101.25,112.47,13.45,24.07,3.4,8,532,53,2023-06-05,Active,1.86,3.4
PROD0128,ACCCare Bedroom 128,Furniture,Bedroom,ACCCare,SUP108,19170.12,26038.26,32027.41,6868.14,26.38,18.7,4.8,330,366,29,2025-01-23,Active,7.18,3.6
PROD0129,ACCWood Laptops 129,Electronics,Laptops,ACCWood,SUP109,26075.01,32067.41,38133.38,5992.4,18.69,15.91,4.0,224,600,57,2024-03-10,Active,9.84,3.1
PROD0130,Zenith Makeup 130,Beauty,Makeup,Zenith,SUP110,1153.35,1932.26,2269.18,778.91,40.31,14.85,3.5,451,209,37,2025-07-07,Active,1.3,3.5
PROD0131,Nova Mobiles 131,Electronics,Mobiles,Nova,SUP111,9284.62,10984.35,12101.32,1699.73,15.47,9.23,3.8,324,709,54,2026-01-04,Active,8.14,3.6
PROD0132,Urban Beverages 132,Grocery,Beverages,Urban,SUP112,218.38,260.91,327.19,42.53,16.3,20.26,4.9,130,241,26,2026-03-27,Active,0.56,3.5
PROD0133,Pulse Skincare 133,Beauty,Skincare,Pulse,SUP113,913.12,1489.72,1895.18,576.6,38.71,21.39,3.7,256,733,32,2024-07-02,Active,1.28,3.9
PROD0134,Velvet Audio 134,Electronics,Audio,Velvet,SUP114,22970.29,28306.22,34832.07,5335.93,18.85,18.74,4.5,41,336,53,2023-07-05,Active,9.33,4.4
PROD0135,Orbit Makeup 135,Beauty,Makeup,Orbit,SUP115,1142.43,1828.94,2464.95,686.51,37.54,25.8,4.1,372,761,32,2024-02-22,Active,2.43,3.8
PROD0136,Crest Mobiles 136,Electronics,Mobiles,Crest,SUP116,7033.05,8727.56,9978.92,1694.51,19.42,12.54,3.9,3,230,33,2026-05-09,Active,10.81,4.4
PROD0137,Bloom Fragrance 137,Beauty,Fragrance,Bloom,SUP117,747.13,1189.69,1292.46,442.56,37.2,7.95,3.7,1086,450,32,2026-01-02,Active,2.96,4.3
PROD0138,Nimbus Women's Wear 138,Fashion,Women's Wear,Nimbus,SUP118,815.02,1173.33,1579.96,358.31,30.54,25.74,4.1,805,494,78,2024-05-30,Active,5.84,3.1
PROD0139,Vertex Appliances 139,Home & Kitchen,Appliances,Vertex,SUP119,2906.6,3780.55,5090.0,873.95,23.12,25.73,3.6,0,591,65,2023-06-23,Active,2.21,3.9
PROD0140,ACCTech Decor 140,Home & Kitchen,Decor,ACCTech,SUP120,4944.3,6878.81,8281.64,1934.51,28.12,16.94,3.9,88,29,48,2023-10-05,Active,4.69,4.8
PROD0141,ACCStyle Laptops 141,Electronics,Laptops,ACCStyle,SUP121,18720.0,21794.49,29163.18,3074.49,14.11,25.27,4.7,20,55,30,2025-11-02,Active,6.07,4.4
PROD0142,ACCGlow Kids Wear 142,Fashion,Kids Wear,ACCGlow,SUP122,1019.71,1528.66,1843.49,508.95,33.29,17.08,4.3,12,187,46,2025-10-02,Active,6.05,4.4
PROD0143,ACCHome Fragrance 143,Beauty,Fragrance,ACCHome,SUP123,689.82,1255.09,1680.52,565.27,45.04,25.32,3.8,224,759,63,2025-11-11,Discontinued,2.04,4.0
PROD0144,ACCFresh Accessories 144,Electronics,Accessories,ACCFresh,SUP124,28711.75,35840.15,40994.01,7128.4,19.89,12.57,3.5,48,641,29,2023-08-04,Active,7.69,3.5
PROD0145,ACCFit Dairy 145,Grocery,Dairy,ACCFit,SUP125,642.77,782.89,850.44,140.12,17.9,7.94,4.1,83,704,41,2025-02-28,Active,1.07,4.6
PROD0146,ACCRead Bags 146,Accessories,Bags,ACCRead,SUP126,705.69,1186.12,1396.71,480.43,40.5,15.08,3.9,78,131,26,2023-08-25,Active,3.3,3.9
PROD0147,ACCChic Kids Wear 147,Fashion,Kids Wear,ACCChic,SUP127,1969.84,2816.31,3238.96,846.47,30.06,13.05,3.5,95,62,22,2024-02-07,Active,8.74,3.1
PROD0148,ACCCare Office 148,Furniture,Office,ACCCare,SUP128,11804.16,16312.59,18372.21,4508.43,27.64,11.21,3.6,1048,253,54,2025-04-02,Active,7.18,4.1
PROD0149,ACCWood Watches 149,Accessories,Watches,ACCWood,SUP129,2653.52,4219.87,4673.56,1566.35,37.12,9.71,4.3,413,79,21,2026-03-25,Active,2.19,4.7
PROD0150,Zenith Watches 150,Accessories,Watches,Zenith,SUP130,1934.73,2780.51,3724.39,845.78,30.42,25.34,4.8,795,272,62,2025-09-11,Active,3.69,4.7
PROD0151,Nova Kids Wear 151,Fashion,Kids Wear,Nova,SUP131,1675.46,2307.75,2749.69,632.29,27.4,16.07,3.6,543,161,32,2024-01-28,Active,7.33,4.4
PROD0152,Urban Kids Wear 152,Fashion,Kids Wear,Urban,SUP132,2269.78,3035.04,3607.54,765.26,25.21,15.87,4.0,152,81,37,2024-01-14,Active,6.34,4.4
PROD0153,Pulse Footwear 153,Fashion,Footwear,Pulse,SUP133,1979.61,2890.35,3667.8,910.74,31.51,21.2,4.6,112,393,43,2024-05-08,Active,6.98,3.0
PROD0154,Velvet Decor 154,Home & Kitchen,Decor,Velvet,SUP134,3276.45,4357.56,4953.48,1081.11,24.81,12.03,3.9,166,535,77,2024-05-23,Active,2.07,4.7
PROD0155,Orbit Appliances 155,Home & Kitchen,Appliances,Orbit,SUP135,165.59,227.99,256.82,62.4,27.37,11.23,4.3,40,703,63,2024-08-14,Discontinued,3.42,3.8
PROD0156,Crest Audio 156,Electronics,Audio,Crest,SUP136,26587.04,30440.13,35456.36,3853.09,12.66,14.15,4.2,635,290,75,2026-01-15,Discontinued,7.49,4.3
PROD0157,Bloom Apparel 157,Sports,Apparel,Bloom,SUP137,1389.92,1892.37,2454.42,502.45,26.55,22.9,3.9,9,175,37,2025-03-18,Active,3.77,4.0
PROD0158,Nimbus Footwear 158,Fashion,Footwear,Nimbus,SUP138,505.52,718.56,842.54,213.04,29.65,14.72,3.4,59,518,66,2024-02-18,Active,6.76,3.3
PROD0159,Vertex Storage 159,Home & Kitchen,Storage,Vertex,SUP139,3418.29,4861.21,5336.87,1442.92,29.68,8.91,3.2,91,551,31,2025-01-14,Active,4.49,3.6
PROD0160,ACCTech Office 160,Furniture,Office,ACCTech,SUP140,10004.19,12761.97,15226.1,2757.78,21.61,16.18,3.3,365,497,50,2025-05-02,Active,7.04,3.2
PROD0161,ACCStyle Staples 161,Grocery,Staples,ACCStyle,SUP141,189.9,217.98,250.45,28.08,12.88,12.96,4.4,278,666,27,2024-06-22,Active,1.07,4.6
PROD0162,ACCGlow Bags 162,Accessories,Bags,ACCGlow,SUP142,3173.36,4655.62,5343.67,1482.26,31.84,12.88,3.4,101,774,61,2023-07-28,Active,3.51,3.6
PROD0163,ACCHome Mobiles 163,Electronics,Mobiles,ACCHome,SUP143,10648.53,12947.38,15428.86,2298.85,17.76,16.08,4.5,388,786,56,2025-02-04,Discontinued,6.52,3.7
PROD0164,ACCFresh Kids Wear 164,Fashion,Kids Wear,ACCFresh,SUP144,1749.23,2571.31,2786.79,822.08,31.97,7.73,3.2,185,513,29,2025-03-30,Active,5.51,4.1
PROD0165,ACCFit Team Sports 165,Sports,Team Sports,ACCFit,SUP145,484.92,674.74,848.63,189.82,28.13,20.49,4.5,21,616,29,2025-06-05,Active,3.08,3.6
PROD0166,ACCRead Jewellery 166,Accessories,Jewellery,ACCRead,SUP146,2692.48,4068.44,5380.84,1375.96,33.82,24.39,3.3,1257,268,41,2024-05-18,Active,2.99,4.1
PROD0167,ACCChic Bedroom 167,Furniture,Bedroom,ACCChic,SUP147,1997.35,2609.2,3018.76,611.85,23.45,13.57,4.6,99,288,33,2024-03-06,Active,6.49,4.4
PROD0168,ACCCare Office 168,Furniture,Office,ACCCare,SUP148,12847.99,15923.2,20352.28,3075.21,19.31,21.76,3.8,26,743,37,2025-04-12,Active,7.77,4.0
PROD0169,ACCWood Outdoor 169,Sports,Outdoor,ACCWood,SUP149,337.6,484.31,641.67,146.71,30.29,24.52,4.7,152,753,21,2025-05-15,Active,4.64,4.1
PROD0170,Zenith Makeup 170,Beauty,Makeup,Zenith,SUP150,686.9,1062.02,1269.78,375.12,35.32,16.36,3.9,99,80,20,2024-02-27,Active,1.96,3.4
PROD0171,Nova Apparel 171,Sports,Apparel,Nova,SUP151,443.96,593.46,642.97,149.5,25.19,7.7,3.6,35,409,23,2025-06-17,Active,3.66,4.1
PROD0172,Urban Team Sports 172,Sports,Team Sports,Urban,SUP152,334.74,465.7,570.87,130.96,28.12,18.42,4.8,254,584,52,2025-02-11,Active,3.21,3.5
PROD0173,Pulse Snacks 173,Grocery,Snacks,Pulse,SUP153,117.55,142.28,155.53,24.73,17.38,8.52,3.9,13,341,45,2023-06-11,Active,1.99,3.9
PROD0174,Velvet Bedroom 174,Furniture,Bedroom,Velvet,SUP154,15695.99,20118.36,25735.29,4422.37,21.98,21.83,3.4,171,93,50,2023-06-02,Active,4.1,3.3
PROD0175,Orbit Audio 175,Electronics,Audio,Orbit,SUP155,30681.92,36232.46,39189.51,5550.54,15.32,7.55,3.5,743,280,68,2026-01-11,Active,9.95,3.5
PROD0176,Crest Staples 176,Grocery,Staples,Crest,SUP156,159.1,181.6,207.03,22.5,12.39,12.28,3.9,90,570,30,2023-11-07,Active,0.82,4.2
PROD0177,Bloom Health 177,Personal Care,Health,Bloom,SUP157,1189.08,1769.54,2150.37,580.46,32.8,17.71,4.4,38,385,75,2026-02-11,Active,1.33,3.8
PROD0178,Nimbus Living Room 178,Furniture,Living Room,Nimbus,SUP158,11822.79,14578.91,17656.4,2756.12,18.9,17.43,3.4,655,208,31,2025-02-26,Active,7.2,3.6
PROD0179,Vertex Bags 179,Accessories,Bags,Vertex,SUP159,2047.13,3487.7,4245.79,1440.57,41.3,17.86,3.8,456,650,72,2023-11-09,Active,4.88,4.3
PROD0180,ACCTech Men's Wear 180,Fashion,Men's Wear,ACCTech,SUP100,2403.36,3501.44,4215.42,1098.08,31.36,16.94,4.3,156,145,68,2025-07-19,Active,6.87,3.1
PROD0181,ACCStyle Jewellery 181,Accessories,Jewellery,ACCStyle,SUP101,1510.88,2258.25,2769.54,747.37,33.1,18.46,4.4,309,770,21,2023-10-20,Active,2.53,4.7
PROD0182,ACCGlow Footwear 182,Fashion,Footwear,ACCGlow,SUP102,1911.96,2717.95,3579.73,805.99,29.65,24.07,3.6,19,298,24,2024-04-24,Active,5.09,4.4
PROD0183,ACCHome Cookware 183,Home & Kitchen,Cookware,ACCHome,SUP103,2385.72,3328.23,4386.75,942.51,28.32,24.13,4.2,17,502,63,2025-06-03,Active,3.3,4.4
PROD0184,ACCFresh Appliances 184,Home & Kitchen,Appliances,ACCFresh,SUP104,1930.27,2421.56,3031.93,491.29,20.29,20.13,3.9,57,756,21,2025-04-22,Active,2.81,3.8
PROD0185,ACCFit Mobiles 185,Electronics,Mobiles,ACCFit,SUP105,17043.1,19752.58,25675.85,2709.48,13.72,23.07,3.4,76,131,68,2025-07-10,Active,9.51,4.5
PROD0186,ACCRead Kids Wear 186,Fashion,Kids Wear,ACCRead,SUP106,2579.57,3459.44,4502.94,879.87,25.43,23.17,3.9,230,165,37,2025-06-16,Active,8.6,4.5
PROD0187,ACCChic Accessories 187,Electronics,Accessories,ACCChic,SUP107,28420.28,34093.68,39058.55,5673.4,16.64,12.71,4.6,142,75,38,2024-03-07,Active,8.95,3.1
PROD0188,ACCCare Laptops 188,Electronics,Laptops,ACCCare,SUP108,1260.09,1465.5,1759.97,205.41,14.02,16.73,3.3,240,475,27,2023-10-10,Active,10.75,4.8
PROD0189,ACCWood Mobiles 189,Electronics,Mobiles,ACCWood,SUP109,10166.88,11899.88,12889.54,1733.0,14.56,7.68,4.3,356,427,62,2023-10-06,Discontinued,7.84,3.3
PROD0190,Zenith Laptops 190,Electronics,Laptops,Zenith,SUP110,25268.9,28725.39,33305.55,3456.49,12.03,13.75,4.5,206,19,74,2025-01-24,Active,6.98,3.1
PROD0191,Nova Men's Wear 191,Fashion,Men's Wear,Nova,SUP111,1038.4,1466.57,1683.78,428.17,29.2,12.9,4.4,63,314,32,2024-03-11,Active,5.08,3.8
PROD0192,Urban Makeup 192,Beauty,Makeup,Urban,SUP112,1557.07,2578.18,3414.25,1021.11,39.61,24.49,4.5,204,395,76,2024-03-10,Active,2.41,3.6
PROD0193,Pulse Apparel 193,Sports,Apparel,Pulse,SUP113,2705.1,3592.98,4338.26,887.88,24.71,17.18,4.6,220,416,55,2025-04-18,Active,5.26,4.0
PROD0194,Velvet Haircare 194,Beauty,Haircare,Velvet,SUP114,671.55,1184.9,1295.17,513.35,43.32,8.51,4.3,156,309,70,2024-03-26,Active,1.07,3.6
PROD0195,Orbit Fragrance 195,Beauty,Fragrance,Orbit,SUP115,542.63,873.81,1103.85,331.18,37.9,20.84,4.0,107,303,77,2024-06-21,Active,1.2,4.6
PROD0196,Crest Decor 196,Home & Kitchen,Decor,Crest,SUP116,1973.44,2687.76,3013.24,714.32,26.58,10.8,4.4,1412,370,61,2025-07-23,Active,4.32,4.4
PROD0197,Bloom Jewellery 197,Accessories,Jewellery,Bloom,SUP117,1894.4,3092.26,3346.66,1197.86,38.74,7.6,3.2,718,275,35,2025-08-15,Active,2.31,3.5
PROD0198,Nimbus Comics 198,Books,Comics,Nimbus,SUP118,468.64,644.37,716.14,175.73,27.27,10.02,4.2,453,374,46,2024-09-06,Active,1.78,4.0
PROD0199,Vertex Staples 199,Grocery,Staples,Vertex,SUP119,229.63,257.55,287.64,27.92,10.84,10.46,4.2,266,759,74,2023-11-27,Active,1.42,4.1
PROD0200,ACCTech Men's Wear 200,Fashion,Men's Wear,ACCTech,SUP120,2195.13,3230.1,3511.6,1034.97,32.04,8.02,4.2,111,456,71,2023-10-04,Active,7.92,4.6
PROD0201,ACCStyle Makeup 201,Beauty,Makeup,ACCStyle,SUP121,494.23,785.77,1004.71,291.54,37.1,21.79,3.9,123,189,37,2026-03-27,Active,2.92,4.2
PROD0202,ACCGlow Belts 202,Accessories,Belts,ACCGlow,SUP122,1090.3,1713.58,2124.67,623.28,36.37,19.35,3.6,476,176,47,2023-11-08,Active,4.47,3.4
PROD0203,ACCHome Footwear 203,Fashion,Footwear,ACCHome,SUP123,207.07,282.0,377.43,74.93,26.57,25.28,4.6,244,132,51,2024-06-15,Active,7.42,3.9
PROD0204,ACCFresh Haircare 204,Beauty,Haircare,ACCFresh,SUP124,1653.53,2670.68,3323.73,1017.15,38.09,19.65,3.8,77,473,42,2024-03-01,Active,1.81,3.2
PROD0205,ACCFit Staples 205,Grocery,Staples,ACCFit,SUP125,311.42,376.02,440.14,64.6,17.18,14.57,3.5,118,622,29,2025-07-10,Active,1.41,3.9
PROD0206,ACCRead Beverages 206,Grocery,Beverages,ACCRead,SUP126,249.58,283.19,319.93,33.61,11.87,11.48,4.5,1042,768,43,2025-07-21,Active,1.62,3.9
PROD0207,ACCChic Watches 207,Accessories,Watches,ACCChic,SUP127,1606.85,2564.18,2973.14,957.33,37.33,13.76,4.6,99,553,63,2024-07-12,Discontinued,3.69,4.8
PROD0208,ACCCare Decor 208,Home & Kitchen,Decor,ACCCare,SUP128,1460.5,2052.19,2238.39,591.69,28.83,8.32,4.3,734,471,33,2026-04-02,Active,4.01,4.1
PROD0209,ACCWood Bags 209,Accessories,Bags,ACCWood,SUP129,1465.54,2296.6,2561.1,831.06,36.19,10.33,3.4,101,299,55,2025-09-23,Active,3.56,3.5
PROD0210,Zenith Decor 210,Home & Kitchen,Decor,Zenith,SUP130,4256.85,5653.35,6899.06,1396.5,24.7,18.06,4.7,25,4,28,2025-03-02,Active,2.53,3.1
PROD0211,Nova Grooming 211,Personal Care,Grooming,Nova,SUP131,861.16,1341.81,1574.53,480.65,35.82,14.78,4.1,585,189,65,2025-05-29,Active,2.43,4.5
PROD0212,Urban Appliances 212,Home & Kitchen,Appliances,Urban,SUP132,1775.18,2352.94,2857.78,577.76,24.55,17.67,4.2,657,269,36,2024-11-13,Active,3.44,3.4
PROD0213,Pulse Footwear 213,Fashion,Footwear,Pulse,SUP133,563.84,757.46,842.11,193.62,25.56,10.05,4.1,6,107,75,2026-02-25,Active,5.25,3.7
PROD0214,Velvet Jewellery 214,Accessories,Jewellery,Velvet,SUP134,2802.03,4535.47,5478.14,1733.44,38.22,17.21,3.8,132,497,38,2026-04-06,Active,2.65,4.6
PROD0215,Orbit Health 215,Personal Care,Health,Orbit,SUP135,1806.39,2743.47,3180.59,937.08,34.16,13.74,3.6,201,748,46,2024-04-27,Active,2.91,4.7
PROD0216,Crest Beverages 216,Grocery,Beverages,Crest,SUP136,419.41,478.45,643.41,59.04,12.34,25.64,4.0,31,278,58,2025-12-25,Active,1.42,4.1
PROD0217,Bloom Hygiene 217,Personal Care,Hygiene,Bloom,SUP137,826.29,1221.59,1343.29,395.3,32.36,9.06,3.3,55,639,33,2024-06-18,Active,2.89,3.3
PROD0218,Nimbus Wellness 218,Personal Care,Wellness,Nimbus,SUP138,767.52,1074.06,1286.4,306.54,28.54,16.51,4.6,51,611,70,2025-04-27,Active,2.86,3.8
PROD0219,Vertex Footwear 219,Fashion,Footwear,Vertex,SUP139,852.02,1143.77,1419.72,291.75,25.51,19.44,4.4,189,546,36,2023-07-25,Active,7.42,4.5
PROD0220,ACCTech Team Sports 220,Sports,Team Sports,ACCTech,SUP140,1362.8,1807.61,2050.57,444.81,24.61,11.85,3.9,3,124,55,2024-04-06,Discontinued,3.0,3.5
PROD0221,ACCStyle Mobiles 221,Electronics,Mobiles,ACCStyle,SUP141,884.89,1011.34,1102.97,126.45,12.5,8.31,3.9,543,243,58,2024-01-17,Active,9.35,4.4
PROD0222,ACCGlow Kids Wear 222,Fashion,Kids Wear,ACCGlow,SUP142,382.07,577.35,746.06,195.28,33.82,22.61,3.7,309,305,73,2024-01-29,Active,8.28,3.0
PROD0223,ACCHome Accessories 223,Electronics,Accessories,ACCHome,SUP143,14880.67,16931.22,21126.22,2050.55,12.11,19.86,3.9,1000,425,37,2025-11-29,Active,9.26,3.7
PROD0224,ACCFresh Storage 224,Home & Kitchen,Storage,ACCFresh,SUP144,1683.52,2113.7,2452.56,430.18,20.35,13.82,4.6,129,729,31,2025-07-01,Active,4.82,3.1
PROD0225,ACCFit Men's Wear 225,Fashion,Men's Wear,ACCFit,SUP145,766.04,1090.97,1246.27,324.93,29.78,12.46,4.1,15,471,54,2025-05-10,Active,6.48,3.5
PROD0226,ACCRead Fragrance 226,Beauty,Fragrance,ACCRead,SUP146,241.4,481.65,574.2,240.25,49.88,16.12,3.5,244,757,60,2025-07-27,Active,2.86,4.2
PROD0227,ACCChic Health 227,Personal Care,Health,ACCChic,SUP147,792.75,1142.46,1410.41,349.71,30.61,19.0,4.3,151,553,60,2024-05-27,Active,1.64,4.1
PROD0228,ACCCare Jewellery 228,Accessories,Jewellery,ACCCare,SUP148,2725.32,4511.33,5533.63,1786.01,39.59,18.47,4.2,532,137,56,2024-09-28,Discontinued,3.58,3.5
PROD0229,ACCWood Snacks 229,Grocery,Snacks,ACCWood,SUP149,301.99,340.32,417.85,38.33,11.26,18.55,4.2,30,205,35,2023-06-18,Active,1.38,4.3
PROD0230,Zenith Audio 230,Electronics,Audio,Zenith,SUP150,27911.47,32632.05,42816.21,4720.58,14.47,23.79,3.7,94,707,49,2025-05-10,Active,9.33,4.3
PROD0231,Nova Outdoor 231,Sports,Outdoor,Nova,SUP151,1761.62,2445.6,3233.1,683.98,27.97,24.36,4.3,220,516,71,2025-04-16,Active,3.54,4.8
PROD0232,Urban Jewellery 232,Accessories,Jewellery,Urban,SUP152,3174.33,4904.33,6296.93,1730.0,35.27,22.12,4.4,21,451,71,2025-06-26,Discontinued,3.54,4.3
PROD0233,Pulse Makeup 233,Beauty,Makeup,Pulse,SUP153,1817.85,3611.04,4376.81,1793.19,49.66,17.5,3.3,1089,310,60,2025-12-17,Active,1.28,4.8
PROD0234,Velvet Belts 234,Accessories,Belts,Velvet,SUP154,1112.3,1744.93,1941.62,632.63,36.26,10.13,4.5,103,448,51,2024-08-20,Active,4.04,4.2
PROD0235,Orbit Laptops 235,Electronics,Laptops,Orbit,SUP155,26038.84,29727.89,38937.1,3689.05,12.41,23.65,4.8,174,639,46,2024-04-19,Active,7.69,3.1
PROD0236,Crest Kids Wear 236,Fashion,Kids Wear,Crest,SUP156,1320.35,1826.0,2325.96,505.65,27.69,21.49,3.5,424,26,28,2023-08-05,Active,6.91,4.3
PROD0237,Bloom Mobiles 237,Electronics,Mobiles,Bloom,SUP157,11172.2,12810.24,16056.86,1638.04,12.79,20.22,4.8,43,385,23,2024-01-26,Active,6.71,4.7
PROD0238,Nimbus Laptops 238,Electronics,Laptops,Nimbus,SUP158,14196.38,17308.46,19677.02,3112.08,17.98,12.04,3.5,35,257,36,2024-02-05,Active,10.9,4.2
PROD0239,Vertex Decor 239,Home & Kitchen,Decor,Vertex,SUP159,289.68,364.28,489.23,74.6,20.48,25.54,4.8,210,234,61,2025-06-17,Active,3.49,4.8
PROD0240,ACCTech Appliances 240,Home & Kitchen,Appliances,ACCTech,SUP100,798.83,1019.65,1231.42,220.82,21.66,17.2,4.0,6,13,77,2024-03-17,Active,3.01,3.8
PROD0241,ACCStyle Jewellery 241,Accessories,Jewellery,ACCStyle,SUP101,2283.01,3817.67,4977.01,1534.66,40.2,23.29,3.7,950,623,60,2024-02-10,Active,3.77,4.2
PROD0242,ACCGlow Footwear 242,Fashion,Footwear,ACCGlow,SUP102,2470.48,3740.84,4145.96,1270.36,33.96,9.77,4.6,176,409,68,2025-10-26,Active,7.13,3.1
PROD0243,ACCHome Beverages 243,Grocery,Beverages,ACCHome,SUP103,307.13,350.59,390.65,43.46,12.4,10.25,3.7,48,588,62,2024-08-25,Active,1.0,4.5
PROD0244,ACCFresh Appliances 244,Home & Kitchen,Appliances,ACCFresh,SUP104,2623.0,3610.91,4189.58,987.91,27.36,13.81,4.1,210,224,44,2023-10-22,Active,4.27,3.3
PROD0245,ACCFit Skincare 245,Beauty,Skincare,ACCFit,SUP105,1871.2,3735.33,4612.19,1864.13,49.91,19.01,4.6,194,51,65,2024-09-16,Active,2.31,4.1
PROD0246,ACCRead Women's Wear 246,Fashion,Women's Wear,ACCRead,SUP106,1289.93,1765.2,1986.07,475.27,26.92,11.12,3.7,302,581,71,2025-05-14,Active,7.95,3.4
PROD0247,ACCChic Bags 247,Accessories,Bags,ACCChic,SUP107,2138.14,3286.15,4056.32,1148.01,34.93,18.99,4.6,182,80,55,2023-09-24,Active,2.24,4.2
PROD0248,ACCCare Wellness 248,Personal Care,Wellness,ACCCare,SUP108,1082.61,1517.06,1651.67,434.45,28.64,8.15,3.5,1169,581,38,2024-05-22,Active,1.51,4.2
PROD0249,ACCWood Women's Wear 249,Fashion,Women's Wear,ACCWood,SUP109,1308.98,1993.17,2438.68,684.19,34.33,18.27,4.7,1296,651,23,2026-02-16,Active,6.22,4.3
PROD0250,Zenith Kids Wear 250,Fashion,Kids Wear,Zenith,SUP110,1497.57,2291.34,2645.45,793.77,34.64,13.39,4.3,156,432,38,2024-12-26,Active,7.96,3.6
PROD0251,Nova Audio 251,Electronics,Audio,Nova,SUP111,15485.22,17665.43,20643.54,2180.21,12.34,14.43,4.4,503,415,63,2024-02-11,Active,8.73,4.3
PROD0252,Urban Makeup 252,Beauty,Makeup,Urban,SUP112,1259.09,2013.73,2694.0,754.64,37.47,25.25,4.4,280,484,54,2023-06-01,Active,1.93,4.8
PROD0253,Pulse Snacks 253,Grocery,Snacks,Pulse,SUP113,57.57,70.13,85.93,12.56,17.91,18.39,3.8,357,333,27,2025-10-09,Active,1.57,3.2
PROD0254,Velvet Dairy 254,Grocery,Dairy,Velvet,SUP114,386.69,434.01,545.01,47.32,10.9,20.37,3.6,58,383,28,2025-01-21,Active,1.15,3.7
PROD0255,Orbit Accessories 255,Electronics,Accessories,Orbit,SUP115,13272.19,15577.98,21015.21,2305.79,14.8,25.87,3.2,143,352,42,2026-02-10,Active,7.84,4.0
PROD0256,Crest Footwear 256,Fashion,Footwear,Crest,SUP116,2569.58,3643.63,4509.29,1074.05,29.48,19.2,3.5,487,153,50,2024-08-29,Active,8.88,4.2
PROD0257,Bloom Fragrance 257,Beauty,Fragrance,Bloom,SUP117,1291.1,2331.58,2982.43,1040.48,44.63,21.82,3.5,552,592,32,2024-03-07,Active,1.25,3.8
PROD0258,Nimbus Accessories 258,Electronics,Accessories,Nimbus,SUP118,25870.28,32060.82,35290.56,6190.54,19.31,9.15,3.6,118,780,23,2025-05-25,Active,8.55,4.4
PROD0259,Vertex Accessories 259,Electronics,Accessories,Vertex,SUP119,14668.19,17347.94,19806.47,2679.75,15.45,12.41,4.2,48,168,44,2025-07-09,Active,10.62,3.9
PROD0260,ACCTech Staples 260,Grocery,Staples,ACCTech,SUP120,459.43,522.54,632.61,63.11,12.08,17.4,3.7,464,133,52,2024-02-19,Active,1.49,4.7
PROD0261,ACCStyle Office 261,Furniture,Office,ACCStyle,SUP121,18911.83,25304.41,29202.89,6392.58,25.26,13.35,3.8,68,246,32,2025-08-19,Active,4.7,3.7
PROD0262,ACCGlow Storage 262,Home & Kitchen,Storage,ACCGlow,SUP122,325.19,427.95,545.46,102.76,24.01,21.54,3.7,617,634,28,2025-01-17,Active,4.86,4.0
PROD0263,ACCHome Laptops 263,Electronics,Laptops,ACCHome,SUP123,5098.41,6047.31,7393.28,948.9,15.69,18.21,3.6,19,210,49,2024-09-27,Active,6.64,4.5
PROD0264,ACCFresh Men's Wear 264,Fashion,Men's Wear,ACCFresh,SUP124,1890.81,2612.5,2829.33,721.69,27.62,7.66,4.8,22,694,33,2023-11-26,Active,6.8,3.7
PROD0265,ACCFit Footwear 265,Fashion,Footwear,ACCFit,SUP125,2186.8,3273.9,3948.48,1087.1,33.21,17.08,3.8,490,113,52,2025-03-01,Discontinued,6.61,3.1
PROD0266,ACCRead Bedroom 266,Furniture,Bedroom,ACCRead,SUP126,10791.65,14215.5,15492.4,3423.85,24.09,8.24,4.8,121,234,57,2025-08-01,Active,6.79,3.2
PROD0267,ACCChic Outdoor 267,Sports,Outdoor,ACCChic,SUP127,1147.26,1492.79,1989.11,345.53,23.15,24.95,3.3,571,45,54,2023-12-21,Discontinued,5.56,4.6
PROD0268,ACCCare Appliances 268,Home & Kitchen,Appliances,ACCCare,SUP128,3055.3,3843.77,4230.02,788.47,20.51,9.13,3.3,31,83,45,2023-06-21,Active,2.36,3.2
PROD0269,ACCWood Apparel 269,Sports,Apparel,ACCWood,SUP129,3717.01,4790.14,5201.61,1073.13,22.4,7.91,4.7,111,377,42,2024-10-24,Discontinued,4.6,3.7
PROD0270,Zenith Laptops 270,Electronics,Laptops,Zenith,SUP130,20556.47,23677.76,30348.23,3121.29,13.18,21.98,4.5,264,733,36,2024-02-06,Active,8.29,4.2
PROD0271,Nova Decor 271,Home & Kitchen,Decor,Nova,SUP131,2815.16,3946.94,4916.5,1131.78,28.67,19.72,4.1,56,88,68,2024-03-23,Active,3.98,4.2
PROD0272,Urban Staples 272,Grocery,Staples,Urban,SUP132,333.17,396.98,429.34,63.81,16.07,7.54,3.8,124,408,33,2025-10-23,Active,1.52,3.6
PROD0273,Pulse Comics 273,Books,Comics,Pulse,SUP133,412.7,548.24,659.24,135.54,24.72,16.84,3.5,97,188,56,2023-12-09,Active,1.8,4.7
PROD0274,Velvet Mobiles 274,Electronics,Mobiles,Velvet,SUP134,22670.17,27180.05,36402.47,4509.88,16.59,25.33,3.6,98,536,61,2025-11-18,Active,9.74,4.3
PROD0275,Orbit Outdoor 275,Sports,Outdoor,Orbit,SUP135,3575.54,4805.33,6399.77,1229.79,25.59,24.91,4.7,259,251,38,2026-04-21,Active,4.85,3.0
PROD0276,Crest Grooming 276,Personal Care,Grooming,Crest,SUP136,1030.3,1446.28,1937.52,415.98,28.76,25.35,4.8,123,777,25,2025-01-16,Active,1.31,4.2
PROD0277,Bloom Storage 277,Home & Kitchen,Storage,Bloom,SUP137,911.77,1180.29,1525.1,268.52,22.75,22.61,3.3,38,597,49,2024-12-06,Active,2.86,4.0
PROD0278,Nimbus Women's Wear 278,Fashion,Women's Wear,Nimbus,SUP138,1865.21,2610.93,2960.91,745.72,28.56,11.82,3.8,111,395,40,2023-07-31,Active,6.43,4.2
PROD0279,Vertex Laptops 279,Electronics,Laptops,Vertex,SUP139,9206.74,10979.52,14581.78,1772.78,16.15,24.7,4.2,266,338,54,2025-04-21,Active,6.62,4.7
PROD0280,ACCTech Comics 280,Books,Comics,ACCTech,SUP140,313.59,413.75,492.52,100.16,24.21,15.99,4.1,844,523,69,2026-02-25,Active,1.67,3.9
PROD0281,ACCStyle Storage 281,Home & Kitchen,Storage,ACCStyle,SUP141,3503.09,4622.53,5694.33,1119.44,24.22,18.82,3.7,4,460,29,2024-02-04,Active,4.11,3.9
PROD0282,ACCGlow Beverages 282,Grocery,Beverages,ACCGlow,SUP142,63.19,76.62,91.07,13.43,17.53,15.87,3.5,464,403,47,2025-10-08,Active,1.84,4.7
PROD0283,ACCHome Academic 283,Books,Academic,ACCHome,SUP143,209.53,263.27,288.57,53.74,20.41,8.77,3.9,186,136,75,2023-12-23,Active,1.32,3.4
PROD0284,ACCFresh Cookware 284,Home & Kitchen,Cookware,ACCFresh,SUP144,796.25,998.15,1177.28,201.9,20.23,15.22,4.6,18,119,48,2025-08-31,Active,2.43,3.5
PROD0285,ACCFit Women's Wear 285,Fashion,Women's Wear,ACCFit,SUP145,619.91,927.44,1016.12,307.53,33.16,8.73,4.0,695,678,43,2025-06-21,Active,7.59,4.1
PROD0286,ACCRead Women's Wear 286,Fashion,Women's Wear,ACCRead,SUP146,1385.73,2104.76,2659.59,719.03,34.16,20.86,4.8,158,188,79,2025-11-04,Active,5.84,3.9
PROD0287,ACCChic Laptops 287,Electronics,Laptops,ACCChic,SUP147,3565.32,4112.75,5189.73,547.43,13.31,20.75,3.3,90,348,34,2025-12-22,Active,8.91,3.2
PROD0288,ACCCare Apparel 288,Sports,Apparel,ACCCare,SUP148,1044.22,1439.54,1796.01,395.32,27.46,19.85,3.6,266,580,55,2026-04-01,Active,4.37,3.7
PROD0289,ACCWood Comics 289,Books,Comics,ACCWood,SUP149,676.15,828.28,1082.32,152.13,18.37,23.47,4.7,79,314,65,2023-09-23,Active,1.32,4.8
PROD0290,Zenith Skincare 290,Beauty,Skincare,Zenith,SUP150,1532.77,2804.77,3676.7,1272.0,45.35,23.72,4.1,400,717,48,2024-06-17,Active,2.22,3.1
PROD0291,Nova Academic 291,Books,Academic,Nova,SUP151,573.97,748.22,841.79,174.25,23.29,11.12,4.3,392,659,28,2023-07-18,Active,1.45,3.2
PROD0292,Urban Fragrance 292,Beauty,Fragrance,Urban,SUP152,1129.94,1796.05,2038.03,666.11,37.09,11.87,3.7,100,527,40,2025-10-23,Active,2.56,3.8
PROD0293,Pulse Fragrance 293,Beauty,Fragrance,Pulse,SUP153,1293.43,2042.95,2603.64,749.52,36.69,21.53,3.6,488,118,27,2025-06-01,Active,2.19,4.1
PROD0294,Velvet Laptops 294,Electronics,Laptops,Velvet,SUP154,2880.08,3520.31,4014.76,640.23,18.19,12.32,4.1,280,216,60,2024-03-30,Active,6.46,3.9
PROD0295,Orbit Skincare 295,Beauty,Skincare,Orbit,SUP155,1144.32,2007.87,2503.15,863.55,43.01,19.79,3.2,244,147,74,2025-10-09,Active,1.53,3.1
PROD0296,Crest Appliances 296,Home & Kitchen,Appliances,Crest,SUP156,1347.15,1701.56,1971.28,354.41,20.83,13.68,3.3,61,91,51,2025-07-02,Active,4.18,3.6
PROD0297,Bloom Women's Wear 297,Fashion,Women's Wear,Bloom,SUP157,818.42,1131.77,1263.08,313.35,27.69,10.4,3.7,153,287,61,2024-03-05,Active,5.65,3.2
PROD0298,Nimbus Haircare 298,Beauty,Haircare,Nimbus,SUP158,1842.47,3018.12,3499.48,1175.65,38.95,13.76,4.7,38,556,65,2026-03-13,Active,2.39,3.5
PROD0299,Vertex Men's Wear 299,Fashion,Men's Wear,Vertex,SUP159,864.99,1262.08,1633.95,397.09,31.46,22.76,4.3,160,295,32,2024-11-13,Active,8.8,3.9
PROD0300,ACCTech Laptops 300,Electronics,Laptops,ACCTech,SUP100,7750.27,8920.15,10333.83,1169.88,13.12,13.68,4.6,79,624,58,2023-06-29,Discontinued,10.88,3.8
PROD0301,ACCStyle Beverages 301,Grocery,Beverages,ACCStyle,SUP101,269.85,314.79,346.16,44.94,14.28,9.06,3.8,312,37,25,2024-07-05,Active,1.7,3.5
PROD0302,ACCGlow Beverages 302,Grocery,Beverages,ACCGlow,SUP102,282.01,319.32,393.39,37.31,11.69,18.83,3.6,310,322,22,2026-04-20,Active,0.8,4.3
PROD0303,ACCHome Watches 303,Accessories,Watches,ACCHome,SUP103,692.95,1120.66,1245.07,427.71,38.17,9.99,4.5,294,278,75,2025-08-03,Active,2.74,4.1
PROD0304,ACCFresh Mobiles 304,Electronics,Mobiles,ACCFresh,SUP104,20151.81,23423.52,29591.53,3271.71,13.97,20.84,4.3,201,442,34,2023-10-16,Active,9.05,3.3
PROD0305,ACCFit Decor 305,Home & Kitchen,Decor,ACCFit,SUP105,1458.34,1939.73,2297.26,481.39,24.82,15.56,4.4,49,529,42,2023-06-16,Active,4.24,3.8
PROD0306,ACCRead Health 306,Personal Care,Health,ACCRead,SUP106,108.06,144.73,174.16,36.67,25.33,16.9,4.7,524,155,63,2024-01-03,Discontinued,1.65,4.5
PROD0307,ACCChic Makeup 307,Beauty,Makeup,ACCChic,SUP107,602.92,1020.06,1148.86,417.14,40.89,11.21,3.4,379,654,78,2026-05-23,Active,1.15,4.3
PROD0308,ACCCare Bags 308,Accessories,Bags,ACCCare,SUP108,231.29,368.59,482.48,137.3,37.25,23.61,3.3,22,541,42,2024-08-15,Active,4.15,3.7
PROD0309,ACCWood Outdoor 309,Sports,Outdoor,ACCWood,SUP109,2025.59,2972.66,3264.38,947.07,31.86,8.94,3.2,179,471,78,2026-02-01,Active,3.33,3.4
PROD0310,Zenith Mobiles 310,Electronics,Mobiles,Zenith,SUP110,5548.76,6392.59,8075.18,843.83,13.2,20.84,4.2,1026,322,44,2026-04-02,Active,7.0,4.6
PROD0311,Nova Snacks 311,Grocery,Snacks,Nova,SUP111,396.93,470.55,557.69,73.62,15.65,15.63,4.1,123,697,50,2024-01-03,Active,1.67,4.2
PROD0312,Urban Health 312,Personal Care,Health,Urban,SUP112,936.51,1494.11,1759.61,557.6,37.32,15.09,4.3,969,332,58,2024-02-19,Active,2.83,3.3
PROD0313,Pulse Laptops 313,Electronics,Laptops,Pulse,SUP113,630.54,749.82,958.03,119.28,15.91,21.73,4.1,315,531,20,2023-06-06,Active,9.31,4.2
PROD0314,Velvet Mobiles 314,Electronics,Mobiles,Velvet,SUP114,14592.4,18133.11,21489.05,3540.71,19.53,15.62,3.8,783,704,45,2026-01-09,Active,9.78,4.7
PROD0315,Orbit Apparel 315,Sports,Apparel,Orbit,SUP115,3283.11,4816.17,5332.63,1533.06,31.83,9.68,3.8,749,79,25,2025-10-10,Active,3.21,3.7
PROD0316,Crest Fitness 316,Sports,Fitness,Crest,SUP116,432.22,574.6,632.45,142.38,24.78,9.15,3.8,105,392,55,2026-04-13,Discontinued,5.01,3.4
PROD0317,Bloom Accessories 317,Electronics,Accessories,Bloom,SUP117,8289.78,9996.33,11106.08,1706.55,17.07,9.99,4.6,97,662,44,2025-11-17,Active,6.29,4.1
PROD0318,Nimbus Beverages 318,Grocery,Beverages,Nimbus,SUP118,649.18,745.0,937.53,95.82,12.86,20.54,4.8,204,661,20,2024-02-12,Active,1.7,4.6
PROD0319,Vertex Audio 319,Electronics,Audio,Vertex,SUP119,14069.88,17273.0,22600.5,3203.12,18.54,23.57,4.9,240,519,40,2025-02-17,Active,8.0,4.7
PROD0320,ACCTech Staples 320,Grocery,Staples,ACCTech,SUP120,365.19,432.72,580.4,67.53,15.61,25.44,4.2,193,598,27,2025-04-14,Active,1.14,3.0
PROD0321,ACCStyle Audio 321,Electronics,Audio,ACCStyle,SUP121,9330.72,10965.33,13643.4,1634.61,14.91,19.63,4.2,105,96,37,2024-05-10,Active,6.11,3.8
PROD0322,ACCGlow Appliances 322,Home & Kitchen,Appliances,ACCGlow,SUP122,1176.17,1475.11,1735.6,298.94,20.27,15.01,4.7,96,59,55,2025-11-10,Active,2.37,3.3
PROD0323,ACCHome Men's Wear 323,Fashion,Men's Wear,ACCHome,SUP123,330.53,448.17,487.14,117.64,26.25,8.0,3.9,102,150,73,2026-02-23,Active,7.35,3.0
PROD0324,ACCFresh Hygiene 324,Personal Care,Hygiene,ACCFresh,SUP124,1577.57,2335.16,2941.96,757.59,32.44,20.63,4.5,178,689,22,2023-11-07,Active,2.6,4.0
PROD0325,ACCFit Kids Wear 325,Fashion,Kids Wear,ACCFit,SUP125,468.96,698.3,847.38,229.34,32.84,17.59,3.3,342,649,59,2025-01-14,Active,7.8,3.2
PROD0326,ACCRead Staples 326,Grocery,Staples,ACCRead,SUP126,581.36,691.0,800.9,109.64,15.87,13.72,4.1,69,771,38,2024-10-03,Active,0.89,4.8
PROD0327,ACCChic Kids Wear 327,Fashion,Kids Wear,ACCChic,SUP127,1193.58,1602.19,2117.28,408.61,25.5,24.33,3.9,498,331,73,2025-10-21,Active,5.56,4.0
PROD0328,ACCCare Academic 328,Books,Academic,ACCCare,SUP128,428.45,590.66,765.0,162.21,27.46,22.79,4.6,260,477,51,2025-05-02,Active,1.17,3.1
PROD0329,ACCWood Dairy 329,Grocery,Dairy,ACCWood,SUP129,92.31,107.47,144.72,15.16,14.11,25.74,4.4,498,143,30,2025-10-14,Active,1.7,3.6
PROD0330,Zenith Staples 330,Grocery,Staples,Zenith,SUP130,466.83,531.22,630.71,64.39,12.12,15.77,4.1,561,379,38,2023-12-08,Active,1.32,3.6
PROD0331,Nova Jewellery 331,Accessories,Jewellery,Nova,SUP131,2584.81,4382.46,5428.84,1797.65,41.02,19.27,3.5,419,297,42,2025-03-18,Active,3.91,3.8
PROD0332,Urban Fragrance 332,Beauty,Fragrance,Urban,SUP132,136.5,269.24,295.15,132.74,49.3,8.78,4.2,479,34,28,2025-04-22,Discontinued,2.27,3.4
PROD0333,Pulse Audio 333,Electronics,Audio,Pulse,SUP133,12000.54,14680.32,19365.24,2679.78,18.25,24.19,4.4,252,517,23,2024-01-11,Active,8.44,3.3
PROD0334,Velvet Fragrance 334,Beauty,Fragrance,Velvet,SUP134,191.75,301.13,330.12,109.38,36.32,8.78,4.5,260,44,56,2023-12-13,Active,1.84,3.5
PROD0335,Orbit Team Sports 335,Sports,Team Sports,Orbit,SUP135,2221.19,2868.17,3612.75,646.98,22.56,20.61,3.7,180,362,38,2026-05-31,Active,4.5,3.8
PROD0336,Crest Dairy 336,Grocery,Dairy,Crest,SUP136,642.79,771.09,1026.72,128.3,16.64,24.9,3.4,39,407,32,2024-05-18,Active,0.53,4.4
PROD0337,Bloom Decor 337,Home & Kitchen,Decor,Bloom,SUP137,4877.34,6670.76,8349.04,1793.42,26.88,20.1,4.2,428,551,30,2025-01-09,Active,3.18,3.6
PROD0338,Nimbus Laptops 338,Electronics,Laptops,Nimbus,SUP138,17517.91,21405.9,23889.6,3887.99,18.16,10.4,3.3,94,123,58,2023-07-19,Active,7.62,3.0
PROD0339,Vertex Laptops 339,Electronics,Laptops,Vertex,SUP139,1066.57,1253.83,1431.91,187.26,14.93,12.44,3.9,376,788,71,2025-09-01,Active,8.54,4.7
PROD0340,ACCTech Accessories 340,Electronics,Accessories,ACCTech,SUP140,1906.14,2318.81,2680.93,412.67,17.8,13.51,4.4,103,94,50,2025-02-27,Active,6.59,4.7
PROD0341,ACCStyle Outdoor 341,Furniture,Outdoor,ACCStyle,SUP141,8803.66,12079.39,14216.66,3275.73,27.12,15.03,4.6,31,551,43,2026-03-31,Active,5.85,4.7
PROD0342,ACCGlow Fragrance 342,Beauty,Fragrance,ACCGlow,SUP142,577.33,1107.44,1341.76,530.11,47.87,17.46,4.5,328,596,51,2025-02-07,Active,1.96,4.1
PROD0343,ACCHome Beverages 343,Grocery,Beverages,ACCHome,SUP143,95.31,107.7,131.95,12.39,11.51,18.38,4.5,170,516,52,2025-10-24,Active,0.89,3.4
PROD0344,ACCFresh Beverages 344,Grocery,Beverages,ACCFresh,SUP144,769.96,858.3,1145.43,88.34,10.29,25.07,4.1,14,465,41,2024-10-31,Active,0.67,4.4
PROD0345,ACCFit Cookware 345,Home & Kitchen,Cookware,ACCFit,SUP145,1675.68,2294.81,2522.74,619.13,26.98,9.04,3.6,431,620,66,2026-04-21,Active,4.5,4.4
PROD0346,ACCRead Belts 346,Accessories,Belts,ACCRead,SUP146,963.52,1481.43,1750.52,517.91,34.96,15.37,4.1,1011,64,56,2024-08-19,Active,4.6,4.0
PROD0347,ACCChic Snacks 347,Grocery,Snacks,ACCChic,SUP147,134.66,157.87,180.5,23.21,14.7,12.54,4.4,200,631,57,2024-01-03,Active,0.96,3.2
PROD0348,ACCCare Team Sports 348,Sports,Team Sports,ACCCare,SUP148,3085.26,4316.69,5063.78,1231.43,28.53,14.75,4.4,333,219,36,2025-03-29,Active,5.01,3.9
PROD0349,ACCWood Appliances 349,Home & Kitchen,Appliances,ACCWood,SUP149,1367.94,1860.76,2167.29,492.82,26.48,14.14,3.6,631,20,35,2026-01-20,Active,2.83,3.6
PROD0350,Zenith Men's Wear 350,Fashion,Men's Wear,Zenith,SUP150,270.54,375.6,420.61,105.06,27.97,10.7,3.8,73,721,40,2025-05-20,Active,8.49,3.6
PROD0351,Nova Mobiles 351,Electronics,Mobiles,Nova,SUP151,20287.86,24455.16,28803.14,4167.3,17.04,15.1,4.1,477,547,27,2025-04-28,Active,10.95,4.3
PROD0352,Urban Laptops 352,Electronics,Laptops,Urban,SUP152,7345.6,8560.66,11480.19,1215.06,14.19,25.43,3.4,135,282,64,2025-07-16,Active,10.46,4.6
PROD0353,Pulse Fragrance 353,Beauty,Fragrance,Pulse,SUP153,2033.02,3629.43,4059.26,1596.41,43.99,10.59,4.1,561,8,34,2025-03-23,Active,1.15,3.1
PROD0354,Velvet Dairy 354,Grocery,Dairy,Velvet,SUP154,391.06,467.58,509.25,76.52,16.36,8.18,3.8,127,270,37,2024-08-22,Active,1.81,3.8
PROD0355,Orbit Storage 355,Home & Kitchen,Storage,Orbit,SUP155,3949.41,5480.1,6888.15,1530.69,27.93,20.44,3.5,111,399,35,2025-01-21,Active,3.04,4.2
PROD0356,Crest Appliances 356,Home & Kitchen,Appliances,Crest,SUP156,5070.01,7097.18,9399.1,2027.17,28.56,24.49,3.6,276,182,75,2023-11-08,Active,3.4,4.1
PROD0357,Bloom Men's Wear 357,Fashion,Men's Wear,Bloom,SUP157,2530.38,3693.55,4825.14,1163.17,31.49,23.45,4.1,33,528,60,2024-05-04,Active,7.92,3.8
PROD0358,Nimbus Women's Wear 358,Fashion,Women's Wear,Nimbus,SUP158,1846.28,2753.55,3525.23,907.27,32.95,21.89,3.5,426,187,30,2026-04-28,Active,8.6,3.4
PROD0359,Vertex Jewellery 359,Accessories,Jewellery,Vertex,SUP159,1266.93,2008.76,2555.8,741.83,36.93,21.4,4.4,281,123,78,2024-11-21,Active,4.57,3.5
PROD0360,ACCTech Bags 360,Accessories,Bags,ACCTech,SUP100,850.27,1324.99,1465.39,474.72,35.83,9.58,4.8,995,645,54,2023-07-23,Active,2.81,3.7
PROD0361,ACCStyle Fragrance 361,Beauty,Fragrance,ACCStyle,SUP101,1896.63,3693.75,4627.55,1797.12,48.65,20.18,4.8,17,506,78,2024-03-04,Active,1.4,4.8
PROD0362,ACCGlow Dairy 362,Grocery,Dairy,ACCGlow,SUP102,685.07,803.53,943.36,118.46,14.74,14.82,4.7,726,318,30,2025-10-11,Active,1.99,3.2
PROD0363,ACCHome Watches 363,Accessories,Watches,ACCHome,SUP103,2935.67,4747.96,6136.09,1812.29,38.17,22.62,4.2,34,799,57,2025-10-11,Active,3.47,3.9
PROD0364,ACCFresh Fitness 364,Sports,Fitness,ACCFresh,SUP104,1842.76,2375.08,2957.08,532.32,22.41,19.68,4.5,248,125,54,2025-10-10,Active,4.98,3.4
PROD0365,ACCFit Fiction 365,Books,Fiction,ACCFit,SUP105,777.82,998.72,1292.64,220.9,22.12,22.74,3.6,433,629,69,2024-09-26,Active,1.64,4.7
PROD0366,ACCRead Jewellery 366,Accessories,Jewellery,ACCRead,SUP106,655.19,1009.4,1140.85,354.21,35.09,11.52,3.4,81,555,31,2024-08-12,Active,3.21,4.0
PROD0367,ACCChic Outdoor 367,Furniture,Outdoor,ACCChic,SUP107,17266.4,22615.71,28148.18,5349.31,23.65,19.65,3.3,676,672,22,2026-02-22,Active,6.32,4.4
PROD0368,ACCCare Haircare 368,Beauty,Haircare,ACCCare,SUP108,663.86,1086.4,1194.83,422.54,38.89,9.07,4.3,510,88,68,2023-12-12,Active,1.16,4.7
PROD0369,ACCWood Laptops 369,Electronics,Laptops,ACCWood,SUP109,16515.06,19433.88,21573.44,2918.82,15.02,9.92,3.4,8,136,54,2024-07-20,Active,9.89,4.4
PROD0370,Zenith Staples 370,Grocery,Staples,Zenith,SUP110,262.6,293.33,329.3,30.73,10.48,10.92,4.3,129,776,73,2024-01-16,Active,0.97,3.6
PROD0371,Nova Cookware 371,Home & Kitchen,Cookware,Nova,SUP111,5250.72,7395.27,9390.9,2144.55,29.0,21.25,3.7,106,170,43,2023-06-26,Active,3.71,3.7
PROD0372,Urban Footwear 372,Fashion,Footwear,Urban,SUP112,483.07,724.65,952.9,241.58,33.34,23.95,3.6,97,522,69,2023-08-12,Active,7.57,3.9
PROD0373,Pulse Snacks 373,Grocery,Snacks,Pulse,SUP113,542.67,610.14,805.69,67.47,11.06,24.27,4.7,330,123,33,2025-04-17,Active,1.85,3.6
PROD0374,Velvet Outdoor 374,Sports,Outdoor,Velvet,SUP114,727.59,1067.67,1310.59,340.08,31.85,18.54,3.6,122,517,58,2026-02-02,Active,4.97,4.1
PROD0375,Orbit Fitness 375,Sports,Fitness,Orbit,SUP115,3088.52,4214.04,5406.25,1125.52,26.71,22.05,3.4,232,70,25,2026-02-19,Active,3.26,3.4
PROD0376,Crest Audio 376,Electronics,Audio,Crest,SUP116,23658.56,27359.25,32985.33,3700.69,13.53,17.06,3.8,317,169,64,2023-09-17,Active,10.38,4.2
PROD0377,Bloom Men's Wear 377,Fashion,Men's Wear,Bloom,SUP117,911.69,1379.13,1674.3,467.44,33.89,17.63,3.7,309,216,61,2025-11-12,Active,7.36,3.4
PROD0378,Nimbus Haircare 378,Beauty,Haircare,Nimbus,SUP118,1999.38,3115.78,3888.6,1116.4,35.83,19.87,3.8,192,230,39,2025-11-09,Active,1.83,3.2
PROD0379,Vertex Fitness 379,Sports,Fitness,Vertex,SUP119,1359.03,1753.67,2075.18,394.64,22.5,15.49,3.3,124,581,53,2026-03-24,Active,3.13,4.1
PROD0380,ACCTech Health 380,Personal Care,Health,ACCTech,SUP120,1130.7,1794.5,2200.26,663.8,36.99,18.44,3.4,2128,684,29,2026-04-07,Active,1.21,3.8
PROD0381,ACCStyle Comics 381,Books,Comics,ACCStyle,SUP121,328.65,445.08,494.09,116.43,26.16,9.92,4.2,50,4,67,2026-01-12,Active,2.0,4.7
PROD0382,ACCGlow Storage 382,Home & Kitchen,Storage,ACCGlow,SUP122,4510.56,6229.8,8152.26,1719.24,27.6,23.58,3.7,14,67,70,2025-05-17,Active,4.67,3.2
PROD0383,ACCHome Belts 383,Accessories,Belts,ACCHome,SUP123,2299.35,3821.22,4237.95,1521.87,39.83,9.83,4.2,219,663,27,2025-05-29,Active,3.44,3.0
PROD0384,ACCFresh Appliances 384,Home & Kitchen,Appliances,ACCFresh,SUP124,780.53,1004.5,1105.56,223.97,22.3,9.14,4.1,63,146,25,2023-11-22,Active,2.65,3.6
PROD0385,ACCFit Mobiles 385,Electronics,Mobiles,ACCFit,SUP125,11570.72,14347.81,16936.78,2777.09,19.36,15.29,3.9,20,46,55,2025-12-25,Active,9.44,3.6
PROD0386,ACCRead Wellness 386,Personal Care,Wellness,ACCRead,SUP126,816.88,1245.53,1610.09,428.65,34.42,22.64,4.3,935,246,69,2025-10-01,Active,1.78,3.2
PROD0387,ACCChic Mobiles 387,Electronics,Mobiles,ACCChic,SUP127,13457.13,16228.15,18171.16,2771.02,17.08,10.69,4.0,160,188,60,2025-07-09,Active,9.62,3.4
PROD0388,ACCCare Snacks 388,Grocery,Snacks,ACCCare,SUP128,338.55,401.31,455.27,62.76,15.64,11.85,4.1,98,283,62,2024-09-04,Active,1.03,3.8
PROD0389,ACCWood Beverages 389,Grocery,Beverages,ACCWood,SUP129,818.76,940.85,1130.22,122.09,12.98,16.76,4.4,482,418,50,2023-12-15,Active,0.86,4.7
PROD0390,Zenith Audio 390,Electronics,Audio,Zenith,SUP130,22933.18,28603.82,33823.03,5670.64,19.82,15.43,3.9,3,377,76,2024-02-28,Active,10.43,4.2
PROD0391,Nova Apparel 391,Sports,Apparel,Nova,SUP131,3355.98,4354.98,4954.84,999.0,22.94,12.11,3.4,80,737,48,2025-08-12,Active,3.64,4.6
PROD0392,Urban Appliances 392,Home & Kitchen,Appliances,Urban,SUP132,1998.72,2595.19,3308.59,596.47,22.98,21.56,3.8,907,398,60,2026-05-11,Active,3.93,3.3
PROD0393,Pulse Men's Wear 393,Fashion,Men's Wear,Pulse,SUP133,2171.85,3079.16,4088.99,907.31,29.47,24.7,4.0,27,457,41,2023-07-13,Discontinued,8.77,4.3
PROD0394,Velvet Kids Wear 394,Fashion,Kids Wear,Velvet,SUP134,1778.78,2699.85,3413.9,921.07,34.12,20.92,3.9,103,174,67,2025-04-08,Active,5.45,3.7
PROD0395,Orbit Audio 395,Electronics,Audio,Orbit,SUP135,9402.15,11131.84,14768.9,1729.69,15.54,24.63,4.6,2005,50,37,2023-09-10,Active,8.34,3.4
PROD0396,Crest Jewellery 396,Accessories,Jewellery,Crest,SUP136,269.72,457.0,505.47,187.28,40.98,9.59,4.6,56,149,39,2024-11-17,Active,3.45,3.7
PROD0397,Bloom Laptops 397,Electronics,Laptops,Bloom,SUP137,26756.21,31466.66,38959.45,4710.45,14.97,19.23,4.8,473,180,78,2024-05-10,Active,7.16,3.7
PROD0398,Nimbus Accessories 398,Electronics,Accessories,Nimbus,SUP138,24237.05,28622.02,34895.14,4384.97,15.32,17.98,4.9,1047,18,37,2025-09-11,Active,7.16,3.2
PROD0399,Vertex Skincare 399,Beauty,Skincare,Vertex,SUP139,1570.14,3088.8,3827.37,1518.66,49.17,19.3,3.5,568,203,63,2024-08-30,Active,2.05,3.7
PROD0400,ACCTech Women's Wear 400,Fashion,Women's Wear,ACCTech,SUP140,2227.4,3405.32,3896.7,1177.92,34.59,12.61,4.1,93,752,54,2024-12-30,Active,7.18,4.1
PROD0401,ACCStyle Dairy 401,Grocery,Dairy,ACCStyle,SUP141,87.34,103.55,136.45,16.21,15.65,24.11,4.0,44,784,37,2025-11-12,Active,1.14,3.1
PROD0402,ACCGlow Accessories 402,Electronics,Accessories,ACCGlow,SUP142,9819.0,11161.37,14948.99,1342.37,12.03,25.34,3.6,726,89,34,2023-10-23,Active,10.98,4.5
PROD0403,ACCHome Office 403,Furniture,Office,ACCHome,SUP143,11149.89,13745.68,18172.99,2595.79,18.88,24.36,3.8,309,785,31,2024-05-03,Active,7.5,4.3
PROD0404,ACCFresh Apparel 404,Sports,Apparel,ACCFresh,SUP144,2259.82,2998.1,3824.07,738.28,24.63,21.6,3.5,342,418,24,2023-09-19,Active,5.41,4.5
PROD0405,ACCFit Footwear 405,Fashion,Footwear,ACCFit,SUP145,443.8,637.31,801.92,193.51,30.36,20.53,4.7,166,580,77,2024-07-26,Active,5.52,3.6
PROD0406,ACCRead Appliances 406,Home & Kitchen,Appliances,ACCRead,SUP146,1325.17,1869.34,2389.1,544.17,29.11,21.76,3.2,39,633,69,2025-11-26,Active,4.53,3.2
PROD0407,ACCChic Makeup 407,Beauty,Makeup,ACCChic,SUP147,1266.02,2154.69,2555.29,888.67,41.24,15.68,4.8,94,404,78,2025-12-05,Active,2.09,3.1
PROD0408,ACCCare Fragrance 408,Beauty,Fragrance,ACCCare,SUP148,84.85,145.62,179.09,60.77,41.73,18.69,3.3,317,37,49,2024-04-07,Active,1.01,4.4
PROD0409,ACCWood Audio 409,Electronics,Audio,ACCWood,SUP149,16827.46,19620.51,21642.85,2793.05,14.24,9.34,4.8,1359,549,25,2025-04-17,Active,9.69,4.2
PROD0410,Zenith Footwear 410,Fashion,Footwear,Zenith,SUP150,2498.79,3474.06,4047.54,975.27,28.07,14.17,3.9,645,225,47,2025-09-05,Active,7.24,3.5
PROD0411,Nova Team Sports 411,Sports,Team Sports,Nova,SUP151,220.18,315.64,393.35,95.46,30.24,19.76,4.8,146,530,63,2024-09-07,Active,5.49,3.4
PROD0412,Urban Living Room 412,Furniture,Living Room,Urban,SUP152,1867.5,2455.72,2723.83,588.22,23.95,9.84,3.7,484,189,43,2025-05-06,Active,6.37,4.7
PROD0413,Pulse Outdoor 413,Sports,Outdoor,Pulse,SUP153,2684.0,3541.86,4777.38,857.86,24.22,25.86,3.3,358,139,29,2025-02-12,Active,5.32,3.4
PROD0414,Velvet Storage 414,Home & Kitchen,Storage,Velvet,SUP154,4068.83,5411.69,7221.99,1342.86,24.81,25.07,3.5,105,215,22,2024-10-14,Active,4.04,3.5
PROD0415,Orbit Living Room 415,Furniture,Living Room,Orbit,SUP155,25287.95,33990.95,41492.18,8703.0,25.6,18.08,3.2,208,31,62,2024-05-31,Active,7.12,3.5
PROD0416,Crest Bags 416,Accessories,Bags,Crest,SUP156,711.08,1137.43,1273.28,426.35,37.48,10.67,3.8,493,106,76,2023-08-05,Active,4.16,3.7
PROD0417,Bloom Storage 417,Home & Kitchen,Storage,Bloom,SUP157,4396.49,6156.69,7487.36,1760.2,28.59,17.77,3.7,47,505,77,2023-08-27,Active,2.62,3.4
PROD0418,Nimbus Men's Wear 418,Fashion,Men's Wear,Nimbus,SUP158,2170.92,3270.31,3770.47,1099.39,33.62,13.27,4.3,654,566,66,2024-05-25,Active,7.64,4.8
PROD0419,Vertex Kids Wear 419,Fashion,Kids Wear,Vertex,SUP159,2360.0,3466.19,4464.36,1106.19,31.91,22.36,3.8,285,563,38,2023-08-05,Active,8.98,4.7
PROD0420,ACCTech Footwear 420,Fashion,Footwear,ACCTech,SUP100,2408.94,3585.41,4752.87,1176.47,32.81,24.56,4.0,442,327,43,2024-06-10,Active,5.97,4.3
PROD0421,ACCStyle Belts 421,Accessories,Belts,ACCStyle,SUP101,1221.32,1777.38,1976.7,556.06,31.29,10.08,4.3,40,474,36,2024-10-21,Active,2.1,4.1
PROD0422,ACCGlow Women's Wear 422,Fashion,Women's Wear,ACCGlow,SUP102,532.57,789.59,856.33,257.02,32.55,7.79,4.4,187,605,54,2025-02-02,Discontinued,5.59,4.5
PROD0423,ACCHome Non-Fiction 423,Books,Non-Fiction,ACCHome,SUP103,786.55,1020.34,1277.75,233.79,22.91,20.15,3.9,139,698,61,2025-02-27,Active,1.07,3.2
PROD0424,ACCFresh Accessories 424,Electronics,Accessories,ACCFresh,SUP104,1741.77,2051.07,2638.51,309.3,15.08,22.26,3.6,403,522,57,2024-02-09,Active,6.34,3.8
PROD0425,ACCFit Comics 425,Books,Comics,ACCFit,SUP105,913.6,1221.82,1461.16,308.22,25.23,16.38,4.7,658,56,41,2025-08-14,Active,1.57,4.5
PROD0426,ACCRead Mobiles 426,Electronics,Mobiles,ACCRead,SUP106,5098.49,6257.1,8240.76,1158.61,18.52,24.07,4.3,2,436,79,2026-02-08,Active,10.62,3.9
PROD0427,ACCChic Comics 427,Books,Comics,ACCChic,SUP107,1056.94,1427.83,1564.03,370.89,25.98,8.71,3.3,80,111,60,2025-01-23,Active,1.4,4.3
PROD0428,ACCCare Outdoor 428,Sports,Outdoor,ACCCare,SUP108,248.03,331.37,386.79,83.34,25.15,14.33,3.8,496,550,62,2023-12-19,Active,5.7,4.8
PROD0429,ACCWood Mobiles 429,Electronics,Mobiles,ACCWood,SUP109,25156.11,29281.18,32770.3,4125.07,14.09,10.65,4.5,57,447,76,2026-03-10,Active,7.95,3.8
PROD0430,Zenith Laptops 430,Electronics,Laptops,Zenith,SUP110,13539.85,16803.74,20377.78,3263.89,19.42,17.54,3.8,265,640,78,2024-02-29,Active,10.16,3.0
PROD0431,Nova Laptops 431,Electronics,Laptops,Nova,SUP111,13698.98,16524.32,19337.52,2825.34,17.1,14.55,3.9,64,759,21,2023-11-25,Active,7.25,4.6
PROD0432,Urban Wellness 432,Personal Care,Wellness,Urban,SUP112,1102.15,1599.86,1794.69,497.71,31.11,10.86,3.7,34,780,64,2023-07-11,Active,2.73,3.7
PROD0433,Pulse Apparel 433,Sports,Apparel,Pulse,SUP113,781.18,1089.08,1435.59,307.9,28.27,24.14,3.6,456,106,50,2025-10-11,Active,3.9,4.0
PROD0434,Velvet Women's Wear 434,Fashion,Women's Wear,Velvet,SUP114,980.23,1325.09,1741.74,344.86,26.03,23.92,4.8,195,431,59,2024-03-21,Active,6.06,3.1
PROD0435,Orbit Men's Wear 435,Fashion,Men's Wear,Orbit,SUP115,382.61,524.78,602.56,142.17,27.09,12.91,4.1,111,101,30,2024-12-14,Active,6.81,4.4
PROD0436,Crest Staples 436,Grocery,Staples,Crest,SUP116,563.06,682.61,845.18,119.55,17.51,19.23,3.9,226,244,57,2025-10-07,Active,1.68,4.3
PROD0437,Bloom Beverages 437,Grocery,Beverages,Bloom,SUP117,656.89,732.96,861.1,76.07,10.38,14.88,3.3,1183,250,41,2023-12-06,Active,1.36,4.4
PROD0438,Nimbus Dairy 438,Grocery,Dairy,Nimbus,SUP118,60.27,69.5,85.53,9.23,13.28,18.74,4.5,1865,236,42,2024-05-17,Active,0.58,3.5
PROD0439,Vertex Storage 439,Home & Kitchen,Storage,Vertex,SUP119,2820.67,3614.54,3916.36,793.87,21.96,7.71,3.9,76,485,61,2025-05-19,Active,2.45,3.6
PROD0440,ACCTech Appliances 440,Home & Kitchen,Appliances,ACCTech,SUP120,3054.58,4061.57,4454.45,1006.99,24.79,8.82,3.9,13,206,62,2025-03-10,Active,2.05,3.3
PROD0441,ACCStyle Health 441,Personal Care,Health,ACCStyle,SUP121,1109.86,1575.55,2107.15,465.69,29.56,25.23,3.4,481,550,76,2026-04-05,Active,1.2,3.6
PROD0442,ACCGlow Makeup 442,Beauty,Makeup,ACCGlow,SUP122,1517.82,2932.44,3485.11,1414.62,48.24,15.86,4.4,742,210,45,2025-11-21,Active,2.99,4.8
PROD0443,ACCHome Appliances 443,Home & Kitchen,Appliances,ACCHome,SUP123,3639.03,4862.01,6402.86,1222.98,25.15,24.07,3.7,82,205,57,2026-01-03,Active,4.87,3.5
PROD0444,ACCFresh Accessories 444,Electronics,Accessories,ACCFresh,SUP124,13908.44,16513.61,20692.17,2605.17,15.78,20.19,4.0,134,386,33,2024-02-07,Active,6.45,3.2
PROD0445,ACCFit Audio 445,Electronics,Audio,ACCFit,SUP125,13602.02,15834.07,21008.74,2232.05,14.1,24.63,3.9,406,467,29,2023-11-24,Active,9.02,4.0
PROD0446,ACCRead Appliances 446,Home & Kitchen,Appliances,ACCRead,SUP126,4202.15,5310.27,7160.47,1108.12,20.87,25.84,3.5,123,353,36,2023-06-03,Active,2.5,3.2
PROD0447,ACCChic Dairy 447,Grocery,Dairy,ACCChic,SUP127,137.22,153.06,177.55,15.84,10.35,13.79,4.6,3,402,53,2023-06-24,Active,1.91,3.0
PROD0448,ACCCare Audio 448,Electronics,Audio,ACCCare,SUP128,12686.97,15696.78,18014.32,3009.81,19.17,12.86,4.5,42,81,55,2025-11-15,Active,8.05,4.8
PROD0449,ACCWood Dairy 449,Grocery,Dairy,ACCWood,SUP129,251.31,287.22,334.47,35.91,12.5,14.13,3.6,48,7,53,2024-04-25,Active,0.66,3.5
PROD0450,Zenith Team Sports 450,Sports,Team Sports,Zenith,SUP130,1974.68,2556.38,3130.87,581.7,22.75,18.35,4.9,31,516,62,2025-04-20,Active,5.36,3.9
PROD0451,Nova Laptops 451,Electronics,Laptops,Nova,SUP131,14604.21,17100.24,21385.53,2496.03,14.6,20.04,4.4,132,72,76,2024-07-06,Active,6.22,3.4
PROD0452,Urban Mobiles 452,Electronics,Mobiles,Urban,SUP132,2508.79,2894.76,3141.33,385.97,13.33,7.85,4.9,1437,764,49,2024-08-23,Active,7.33,3.4
PROD0453,Pulse Dairy 453,Grocery,Dairy,Pulse,SUP133,351.06,408.36,485.06,57.3,14.03,15.81,4.6,1324,361,62,2026-03-22,Active,0.99,3.9
PROD0454,Velvet Staples 454,Grocery,Staples,Velvet,SUP134,476.74,572.98,747.65,96.24,16.8,23.36,3.3,78,449,36,2025-10-08,Active,1.54,3.3
PROD0455,Orbit Office 455,Furniture,Office,Orbit,SUP135,20199.14,27197.83,31512.74,6998.69,25.73,13.69,3.4,263,154,53,2025-10-15,Active,7.05,4.7
PROD0456,Crest Watches 456,Accessories,Watches,Crest,SUP136,1147.83,1905.39,2263.63,757.56,39.76,15.83,3.8,189,287,68,2025-02-19,Active,3.29,3.9
PROD0457,Bloom Fitness 457,Sports,Fitness,Bloom,SUP137,2055.24,2917.56,3444.78,862.32,29.56,15.3,3.5,425,165,28,2025-09-27,Active,5.76,3.7
PROD0458,Nimbus Storage 458,Home & Kitchen,Storage,Nimbus,SUP138,1726.81,2254.57,2452.8,527.76,23.41,8.08,4.6,8,716,65,2026-04-12,Active,3.51,3.8
PROD0459,Vertex Storage 459,Home & Kitchen,Storage,Vertex,SUP139,1183.08,1541.05,1769.74,357.97,23.23,12.92,3.4,461,285,72,2024-07-01,Active,2.48,3.8
PROD0460,ACCTech Staples 460,Grocery,Staples,ACCTech,SUP140,22.96,26.68,31.98,3.72,13.94,16.57,3.8,257,341,23,2024-08-03,Active,1.64,3.3
PROD0461,ACCStyle Outdoor 461,Sports,Outdoor,ACCStyle,SUP141,1202.29,1765.99,2062.81,563.7,31.92,14.39,3.9,176,616,36,2024-05-07,Active,3.62,4.1
PROD0462,ACCGlow Fragrance 462,Beauty,Fragrance,ACCGlow,SUP142,1020.84,1936.44,2193.23,915.6,47.28,11.71,4.5,262,684,61,2026-03-23,Active,1.58,4.2
PROD0463,ACCHome Decor 463,Home & Kitchen,Decor,ACCHome,SUP143,617.89,824.65,958.52,206.76,25.07,13.97,4.5,127,434,52,2026-01-19,Active,2.62,4.1
PROD0464,ACCFresh Fragrance 464,Beauty,Fragrance,ACCFresh,SUP144,1033.34,1648.44,1832.38,615.1,37.31,10.04,4.8,54,662,70,2026-05-24,Active,2.72,4.3
PROD0465,ACCFit Haircare 465,Beauty,Haircare,ACCFit,SUP145,521.12,900.14,1076.86,379.02,42.11,16.41,4.6,800,547,25,2025-04-02,Active,2.29,3.5
PROD0466,ACCRead Appliances 466,Home & Kitchen,Appliances,ACCRead,SUP146,3657.82,4627.22,5645.47,969.4,20.95,18.04,4.8,619,599,32,2025-03-26,Active,3.94,3.9
PROD0467,ACCChic Women's Wear 467,Fashion,Women's Wear,ACCChic,SUP147,944.42,1377.53,1676.4,433.11,31.44,17.83,3.5,38,457,77,2024-11-15,Active,7.54,4.8
PROD0468,ACCCare Apparel 468,Sports,Apparel,ACCCare,SUP148,440.54,644.79,747.31,204.25,31.68,13.72,4.0,154,93,54,2025-01-10,Active,5.67,3.9
PROD0469,ACCWood Men's Wear 469,Fashion,Men's Wear,ACCWood,SUP149,1251.69,1756.95,2152.04,505.26,28.76,18.36,4.0,4,375,42,2024-08-29,Active,8.82,3.2
PROD0470,Zenith Audio 470,Electronics,Audio,Zenith,SUP150,3624.48,4277.9,5413.98,653.42,15.27,20.98,3.6,55,414,25,2025-05-09,Active,10.29,3.5
PROD0471,Nova Office 471,Furniture,Office,Nova,SUP151,13954.67,17771.62,20388.68,3816.95,21.48,12.84,3.7,451,169,78,2023-07-10,Active,5.67,4.7
PROD0472,Urban Women's Wear 472,Fashion,Women's Wear,Urban,SUP152,1213.51,1850.73,2226.99,637.22,34.43,16.9,3.8,364,332,37,2024-05-01,Active,7.23,4.0
PROD0473,Pulse Haircare 473,Beauty,Haircare,Pulse,SUP153,1170.38,2232.0,2444.51,1061.62,47.56,8.69,3.3,524,37,35,2024-10-01,Discontinued,1.49,4.1
PROD0474,Velvet Beverages 474,Grocery,Beverages,Velvet,SUP154,414.47,489.63,654.61,75.16,15.35,25.2,4.0,79,125,65,2023-06-07,Active,0.62,4.2
PROD0475,Orbit Beverages 475,Grocery,Beverages,Orbit,SUP155,111.4,127.97,146.1,16.57,12.95,12.41,4.0,193,654,64,2025-06-27,Active,1.77,3.4
PROD0476,Crest Outdoor 476,Furniture,Outdoor,Crest,SUP156,22800.99,29801.14,34246.09,7000.15,23.49,12.98,4.5,121,545,27,2024-09-18,Discontinued,7.51,4.6
PROD0477,Bloom Audio 477,Electronics,Audio,Bloom,SUP157,27762.92,34669.1,40203.61,6906.18,19.92,13.77,3.5,16,329,42,2025-10-16,Active,6.03,4.4
PROD0478,Nimbus Makeup 478,Beauty,Makeup,Nimbus,SUP158,312.2,596.48,790.0,284.28,47.66,24.5,4.5,350,581,30,2024-10-31,Active,2.09,4.5
PROD0479,Vertex Appliances 479,Home & Kitchen,Appliances,Vertex,SUP159,893.82,1118.7,1456.61,224.88,20.1,23.2,4.0,682,587,26,2023-06-05,Active,2.84,4.7
PROD0480,ACCTech Women's Wear 480,Fashion,Women's Wear,ACCTech,SUP100,1500.96,2004.76,2262.9,503.8,25.13,11.41,4.6,99,283,57,2026-03-25,Active,6.99,4.5
PROD0481,ACCStyle Mobiles 481,Electronics,Mobiles,ACCStyle,SUP101,11967.35,14162.25,19064.17,2194.9,15.5,25.71,3.6,568,4,77,2023-10-03,Active,6.03,4.0
PROD0482,ACCGlow Laptops 482,Electronics,Laptops,ACCGlow,SUP102,21769.37,25696.64,28047.37,3927.27,15.28,8.38,4.3,523,657,20,2025-03-09,Active,6.11,3.5
PROD0483,ACCHome Appliances 483,Home & Kitchen,Appliances,ACCHome,SUP103,1395.29,1935.45,2394.2,540.16,27.91,19.16,4.0,886,11,48,2024-12-10,Active,3.44,4.8
PROD0484,ACCFresh Accessories 484,Electronics,Accessories,ACCFresh,SUP104,22890.89,27500.83,36120.78,4609.94,16.76,23.86,4.7,218,222,66,2024-10-03,Active,8.41,3.0
PROD0485,ACCFit Dairy 485,Grocery,Dairy,ACCFit,SUP105,103.76,119.93,161.84,16.17,13.48,25.9,3.7,58,567,29,2026-02-04,Active,1.54,3.5
PROD0486,ACCRead Snacks 486,Grocery,Snacks,ACCRead,SUP106,522.52,602.1,664.87,79.58,13.22,9.44,4.4,75,8,75,2024-07-20,Active,0.54,3.5
PROD0487,ACCChic Women's Wear 487,Fashion,Women's Wear,ACCChic,SUP107,1347.15,2048.14,2704.89,700.99,34.23,24.28,4.1,609,642,64,2024-07-06,Active,6.91,3.6
PROD0488,ACCCare Appliances 488,Home & Kitchen,Appliances,ACCCare,SUP108,920.06,1193.09,1594.82,273.03,22.88,25.19,4.7,27,629,35,2026-04-15,Active,2.8,4.4
PROD0489,ACCWood Kids Wear 489,Fashion,Kids Wear,ACCWood,SUP109,745.15,1083.55,1198.98,338.4,31.23,9.63,4.4,541,352,74,2026-05-05,Active,7.66,4.2
PROD0490,Zenith Snacks 490,Grocery,Snacks,Zenith,SUP110,95.62,106.36,124.31,10.74,10.1,14.44,4.1,472,295,65,2025-05-08,Active,0.75,4.3
PROD0491,Nova Appliances 491,Home & Kitchen,Appliances,Nova,SUP111,511.86,728.06,870.25,216.2,29.7,16.34,3.4,846,450,55,2024-08-04,Active,3.18,4.6
PROD0492,Urban Appliances 492,Home & Kitchen,Appliances,Urban,SUP112,3357.42,4436.1,5307.85,1078.68,24.32,16.42,3.4,433,504,24,2023-12-27,Active,2.21,3.9
PROD0493,Pulse Health 493,Personal Care,Health,Pulse,SUP113,932.88,1315.96,1503.4,383.08,29.11,12.47,3.7,147,375,42,2025-05-14,Active,1.15,4.0
PROD0494,Velvet Audio 494,Electronics,Audio,Velvet,SUP114,3614.11,4204.85,5168.73,590.74,14.05,18.65,3.4,71,329,34,2024-10-23,Active,8.55,3.5
PROD0495,Orbit Kids Wear 495,Fashion,Kids Wear,Orbit,SUP115,2515.37,3790.43,4655.7,1275.06,33.64,18.59,3.7,214,425,31,2024-09-25,Active,7.67,3.1
PROD0496,Crest Appliances 496,Home & Kitchen,Appliances,Crest,SUP116,2327.07,3085.0,3855.62,757.93,24.57,19.99,3.5,190,318,23,2024-09-19,Active,4.23,3.6
PROD0497,Bloom Team Sports 497,Sports,Team Sports,Bloom,SUP117,1723.79,2233.09,2878.51,509.3,22.81,22.42,4.0,283,456,44,2024-02-28,Active,3.76,4.6
PROD0498,Nimbus Mobiles 498,Electronics,Mobiles,Nimbus,SUP118,7919.89,9703.86,11895.09,1783.97,18.38,18.42,3.7,890,536,47,2025-07-11,Discontinued,7.69,3.7
PROD0499,Vertex Wellness 499,Personal Care,Wellness,Vertex,SUP119,238.01,332.34,366.75,94.33,28.38,9.38,3.2,75,531,74,2025-09-05,Active,2.97,3.2
PROD0500,ACCTech Audio 500,Electronics,Audio,ACCTech,SUP120,26400.27,31310.99,34121.6,4910.72,15.68,8.24,3.9,102,298,63,2024-08-01,Active,10.61,3.6
